" But cart has some errors."," Ale koszyka ma jakieś błędy."
" Note: Image size affects the performance of your app."," Uwaga: wielkość obrazka ma wpływ na wydajność aplikacji."
"""Description"" is more than %d characters long","""Opis"" jest dłuższy niż %d znaków"
"""Title"" is more than %d characters long","""Tytuł"" jest dłuższy niż %d znaków"
"""id"" attribute is required for a ""%s"" field.","Cecha ""id"" jest wymagana w polu ""%s"""
"""line_count"" attribute is required for ""multiline"" element.","Cecha ""line_count"" jest wymagana dla elementu ""multiline"""
"""message"" attribute is required for ""%s"" validator rule.","Cecha ""wiadomość"" jest wymagana dla reguły walidującej ""%s""."
"%1$s has been added to your wishlist.","%1$s został dodany do schowka."
"%1$s incl tax.","%1$s z podatkiem"
"%@ is not correct","%@ nie jest poprawny"
"%s API Key required.","%s klucz API jest wymagany."
"%s Application ID required.","ID apliakcji %s jest wymagane."
"%s Secret Key required.","Sekretny klucz %s jest wymagany."
"%s attribute is required.","Cecha %s jest wymagana."
"%s fields is required","Pole %s jest wymagane"
"%s has been added to your cart.","%s został dodany do koszyka."
"%s id:","%s id:"
"%s was updated in your shopping cart.","%s został zaktualizowany w Twoim koszyku."
"(Includes more countries than those listed below. As the application owner, you are responsible for complying with country-specific laws related to the distribution or sale of your application into that country, including your home country.)","(Zawiera więcej krajów niż wypisane poniżej. Jako właściciel aplikacji, jesteś odpowiedzialny za zgodność z lokalnym prawem związanym z dystrybucją lub sprzedażą swojej aplikacji w tym kraju, wliczając kraj pochodzenia.)"
"* - field is required","* - pole jest wymagane"
"*Subject to change","* może ulec zmianie"
"1. Please select type of the action:","1. Wybierz typ akcji:"
"10:40 AM","przed południem"
"2. Please select a page","2. Wybierz stronę"
"2. Type Category Name","2. Wybierz nazwę kategorii"
"2. Type Product Name","2. Wpisz nazwę produktu"
"80px x 80px","80px x 80px"
"80x80 px","80x80 px"
"<a href=""%s"" target=""_blank"">Login</a> to Urban Airship.","<a href=""%s"" target=""_blank"">Zaloguj</a> do Urban Airship."
"A Catalog Only App will not support functions such as add to cart, add to wishlist, or login.","Aplikacja tylko katalogu nie będzie obsługiwała funkcji takich jak dodaj do koszyka, dodaj do schowka lub logowania."
"A new password has been sent.","Nowe hasło zostało wysłane."
"About","Informacje"
"Access forbidden","Dostęp wzbroniony"
"Account","Konto"
"Account Information","Dane konta"
"Account Settings","Ustawienia konta"
"Account confirmation is required. Please check your email for the confirmation link.","Potwierdzenie konta jest wymagane. Proszę sprawdzić skrzynkę e-mail, powinien już tam czekać klucz potwierdzający."
"Account information has been saved.","Informacje konta zostały zapisane."
"Action","Operacja"
"Action type does\'t recognized","Typ akcji nie jest rozpoznany"
"Action type does\'t recognized.","Typ akcji nie jest rozpoznany."
"Action type doesn\'t recognized.","Typ akcji nie jest rozpoznany"
"Activate","Aktywuj"
"Activate PayPal Checkout","Aktywuj zamówienia PayPal"
"Activate PayPal MECL","Aktywuj PayPal MECL"
"Activation Key","Klucz aktywacyjny"
"Add","Dodaj"
"Add Action","Dodaj akcję"
"Add Address from Contacts","Dodaj adres z kontaktów"
"Add App","Dodaj aplikację"
"Add Custom","Dodaj indywidualne"
"Add New Address","Dodaj nowy adres"
"Add New Template","Dodaj nowy szablon"
"Add Page","Dodaj stronę"
"Add To Wishlist","Dodaj do schowka"
"Add a billing address","Dodaj adres rozliczeniowy"
"Add a shipping address","Dodaj adres dostawy"
"Add to Cart","Dodaj do koszyka"
"Add to Wishlist","Dodaj do schowka"
"Adding Product to Cart...","Dodawanie produktu do koszyka..."
"Adding Product to WishList...","Dodawanie produktu do schowka..."
"Additional Address","Dodatkowy adres"
"Additional Info","Dodatkowe informacje"
"Address","Adres"
"Address 2","Adres"
"Address Book","Książka adresowa"
"Address Book Updated","Zaktualizowana książka adresowa"
"Address Info","Informacje o adresie"
"Address book is empty","Książka adresowa jest pusta"
"Address data not specified.","Dane adresowe nie są podane."
"Address does not belong to this customer.","Adres nie jest przypisany do tego klienta."
"Address has been deleted.","Adres został usunięty."
"Address has been saved.","Adres został zapisany."
"Admin Application Settings","Ustawienia aplikacji administracyjnej"
"Admin Mobile Application","Ustawienia aplikacji mobilnej"
"Admin application has not been enabled","Aplikacja administracyjna nie została włączona"
"Administrative contact for this app and for app submission issues.","Kontakt administracyjny dla tej aplikacji i dla kwestii związanych z jej zgłoszeniem."
"Advanced Settings","Zaawansowane ustawienia"
"After submitting the App to Magento, please contact <a href=""mailto:%1$s"">%1$s</a> to receive the Application Key, Application Secret and Application Master Secret.","Po zgłoszeniu aplikacji do Magento, proszę o kontakt z <a href=""mailto:%1$s"">%1$s</a>, aby otrzymać klucz aplikacji, sekretny klucz i główny sekretny klucz aplikacji."
"AirMail Message Queue","Kolejka wiadomości AirMail"
"AirMail Messages Queue","Kolejka wiadomości AirMail"
"AirMail Template Preview","Podgląd wiadomości AirMail"
"AirMail message","Wiadomość AirMail"
"AirMail templates","Szablon AirMail"
"All Allowed Countries","Wszystkie dozwolone kraje"
"All Images","Wszystki obrazki"
"All locations","Wszystkie lokalizacje"
"Amount","Kwota"
"Amount in %@","Kwota w %@"
"Amounts","Ilości"
"An account with this email address already exists.","Konto o takim samym adresie e-mail już istnieje."
"An error occurred while adding item to wishlist.","Wystąpił błąd podczas dodawania produktu do schowka."
"An error occurred while deleting the address.","Wystąpił błąd podczas usuwania adresu."
"An error occurred while loading categories.","Wystąpił błąd podczas ładowania kategorii."
"An error occurred while loading category filters.","Wystąpił błąd podczas ładowania filtrów kategorii."
"An error occurred while loading configuration.","Wystąpił błąd podczas ładowania konfiguracji."
"An error occurred while loading localization.","Wystąpił błąd podczas ładowania lokalizacji.."
"An error occurred while loading login form.","Wystąpił błąd podczas ładowania formularza logowania."
"An error occurred while loading wishlist.","Wystąpił błąd podczas aktualizowania schowek."
"An error occurred while processing your order. Please contact us or try again later.","Wystąpił problem podczas przetwarzania zamówienia. Skontaktuj się z obsługa sklepu lub spróbuj później."
"An error occurred while processing your request.","Wystąpił błąd podczas przetwarzania zapytania."
"An error occurred while removing item from wishlist.","Wystąpił błąd podczas usuwania produktu ze schowka."
"An error occurred while removing items from wishlist.","Wystąpił błąd podczas usuwania produktu ze schowka."
"Analytics","Analityka"
"Android","Android"
"Android doesn\'t support AirMail message type.","Android nie wspiera typów wiadomości AirMail."
"App Background","Tło aplikacji"
"App Background (landscape mode)","Tło aplikacji (tryb poziomy)"
"App Background (landscape mode).","Tło aplikacji (tryb poziomy)"
"App Background (portrait mode)","Tło aplikacji (tryb pionowy)"
"App Background (portrait mode).","Tło aplikacji (tryb pionowy)"
"App Background image missing.","Brakuje obrazka tła aplikacji."
"App Code","Kod aplikacji"
"App Information","Informacje aplikacji"
"App Name","Nazwa aplikacji"
"App Stores","Skelpy aplikacji"
"App Submission History","Historia zgłoszeń aplikacji"
"App Title","Tytuł aplikacji"
"App code","Kod aplikacji"
"App code required.","Kod aplikacji jest wymagany."
"App does not exist.","Aplikacja nie istnieje."
"App has been deleted.","Aplikacja została usunięta."
"App has been saved.","Aplikacja została zapisana."
"App has been submitted.","Aplikacja została zgłoszona."
"App model not loaded.","Model aplikacji nie jest załadowany."
"App with specified code does not exist.","Aplikacja z wybranym kodem nie istnieje."
"Appears in the info section of your app (example: Copyright 2010 ��� Your Company, Inc.)","Pojawia się w sekcji informacyjnej twojej aplikacji (np. Copyright 2010 &copy; Twoja Firma Sp. z o.o.)"
"Application","Aplikacja"
"Application Key","Klucz aplikacji"
"Application Master Secret","Głowny klucz aplikacji"
"Application Name","Nazwa aplikacji"
"Application Secret","Sekretny klucz aplikacji"
"Application doesn\'t exist.","Aplikacja nie istnieje."
"Apply","Zastosuj"
"Applying Coupon Code","Zastosuj kod kuponu"
"Applying Gift Card %@","Stosowanie karty prezentowej %@"
"Are you sure you want to cancel a message?","Czy na pewno chcesz anulować wiadomość?"
"Are you sure you want to cancel selected records?","Czy na pewno chcesz anulować wybrane wpisy?"
"Are you sure you want to delete a message?","Czy na pewno chcesz usunąć wiadomość?"
"Are you sure you want to delete selected records?","Czy na pewno chcesz usunąć wybrane wpisy?"
"Are you sure you want to delete this theme? This change will affect all applications.","Czy na pewno chcesz usunąć ten motyw? Ta zmiana wpłynie na wszystkie aplikacje."
"Are you sure you want to do this?","Czy na pewno chcesz to zrobić?"
"Are you sure you want to remove this item?","Czy na pewno chcesz usunąć ten produkt?"
"As Low As","Już od"
"As Low Excl. Tax","Już od (bez podatku)"
"As Low Incl. Tax","Już od (z podatkiem)"
"As a Magento customer, Urban Airship is offering you unlimited Push Notifications and Rich Push for $100/year* along with a 60 day free trial.","Dla klientów Magento, Urban Airship oferuje nieograniczone powiadomienia Push i Rich Push za $100/rok* z 60-dniowym okresem próbnym."
"As low as","Już od"
"As low as excl. tax","Już od (bez podatku)"
"As low as incl. tax","Już od (z podatkiem)"
"At last one application has to be created.","Co najmniej jedna aplikacja musi zostać utworzona."
"At least one option should be selected","Co najmniej jedna opcja powinna zostać wybrana"
"Authentication complete.","Autentykacja zakończona."
"Authentication to %@ did failed...","Weryfikacja %@ nie powiodła się..."
"Average Order Amount","Średnia ilość zamówienia"
"Average Orders","Średnie zamówienia"
"Average Rating","Średnia ocena"
"Back","Powrót"
"Back to App Edit","Powrót do edycj iaplikacji"
"Background Color","Kolor tła"
"Balance","Bilans"
"Balance Change","Zmiana bilansu"
"Balance History","Historia bilansu"
"Banner on Home Screen","Baner na ekranie początkowym"
"Banner on Home Screen (landscape mode)","Baner na ekranie początkowym (tryb poziomy)"
"Banner on Home Screen (landscape mode) image missing.","Brakuje obrazka baneru na ekranie początkowym (tryb poziomy)."
"Banner on Home Screen (portrait mode)","Baner na ekranie początkowym (tryb pionowy)"
"Banner on Home Screen (portrait mode) image missing.","Brakuje obrazka baneru na ekranie początkowym (tryb pionowy)."
"Banner on Home Screen image missing.","Brakuje obrazka baneru na ekranie początkowym."
"Banners on Home Screen","Banery na ekranie początkowym"
"Best Sellers","Bestselery"
"Billing","Rozliczenie"
"Billing Address","Adres rozliczeniowy"
"Billing address","Adres rozliczeniowy"
"Billing address has been set.","Adres rozliczeniowy został zapisany."
"Bundle Products","Produkty w pakiecie"
"Buy %1$s for %2$s","Kup %1$s za %2$s"
"Buy %1$s for %2$s (%3$s incl. tax) each","Kup %1$s za %2$s (%3$s z podatkiem) za każdy"
"Buy %1$s for %2$s each","Kup %1$s za %2$s za każdy"
"Buy %1$s with %2$s discount each","Kup %1$s z %2$s zniżką na każdym"
"Buy More & Save","Kupuj więcej i oszczędzaj"
"Buyer country is not allowed by store.","Kraj kupującego nie jest dozwolony w sklepie."
"CMS Page","Strona CMS"
"CMS Pages haven\'t been found.","Strona CMS nie została znaleziona"
"Cache Lifetime (seconds)","Czas życia pamięci cache (sekundy)Czas ważności cache (sekundy)"
"Cache Management","Zarządzanie cache"
"Can\'t add item to shopping cart.","Nie można dodać produktu do koszyka."
"Can\'t apply the coupon code.","Nie można zastosować kodu z kuponu."
"Can\'t copy file ""%s"" to ""%s"".","Nie udało się skopiować pliku ""%s"" do ""%s""."
"Can\'t create wishlist.","Nie można utworzyć schowka."
"Can\'t delete ""%s"" theme.","Nie można usunąć motywu ""%s"".."
"Can\'t load XML.","Nie można załadować XML."
"Can\'t load admin application settings.","Nie można załadować ustawień aplikacji administracyjnej"
"Can\'t load application with id ""%s""","Nie można załadować aplikacji z id ""%s"""
"Can\'t load cart info.","Nie można załadować informacji koszyka."
"Can\'t load cart.","Nie można załadować koszyka."
"Can\'t load customer form.","Nie można załadować formularza klienta."
"Can\'t load default themes.","Nie można załadować domyślnych motywów."
"Can\'t load selected theme. Please check your media folder permissions.","Nie można załadować wybranego motywu, Proszę sprawdzić uprawneinia folderu mediów."
"Can\'t load template with id ""%s""","Nie można załadować szablonu z id ""%s"""
"Can\'t open submission form.","Nie można otworzyć formularza zgłoszeń."
"Can\'t read file ""%s"".","Nie można odczytać pliku ""%s""."
"Can\'t remove the item.","Nie można usunąć produktu."
"Can\'t reset theme.","Nie można zresetować motywu ""%s""."
"Can\'t save address.","Nie można zapisać adresu."
"Can\'t save the customer.","Nie można zapisać klienta."
"Can\'t save theme.","Nie można zapisać motywu."
"Can\'t show configuration.","Nie można pokazać konfiguracji."
"Can\'t specify product.","Nie można wybrać produktu."
"Can\'t submit application.","Nie można zgłosić aplikacji."
"Can\'t update cart.","Nie można zaktualizować koszyka."
"Can\'t write to file ""%s"".","Nie można zapisać do pliku ""%s""."
"Cancel","Anuluj"
"Canceled","Anulowane"
"Canceling PayPal ...","Anulowanie PayPal..."
"Cancelled","Anulowane"
"Cannot apply gift card.","Nie można zastosować karty prezentowej."
"Cannot configure product.","Nie można skonfigurować produktu."
"Cannot load theme ""%s"".","Nie można załadować motywu ""%s""."
"Cannot redeem Gift Card.","Nie można wykorzystać karty prezentowej."
"Cannot remove gift card.","Nie można usunąć karty prezentowej."
"Cannot save theme ""%s"". Incorrect data received","Nie można zapisacć motywu ""%s"". Otrzymano niepoprawne dane"
"Cannot update the item.","Nie można zaktualizować produktu."
"Card Verification Number","Numer weryfikacyjny karty"
"Card verification number is wrong","Nuemr weryfikacyjny karty kredytowej jest niepoprawny"
"Carrier","Dostawca:"
"Cart","Koszyk"
"Cart Updated","Koszyk został zaktualizowany"
"Cart has been updated.","Koszyk został zaktualizowany."
"Cart has some errors.","Koszyk ma jakieś błędy."
"Cart is empty.","Koszyk jest pusty."
"Catalog Only App?","Apliakcja tylko dla katalogu?"
"Category","Kategoria"
"Category Button Color","Kolor przycisku kategorii"
"Category Item Background Color","Kolor tła elementu kategorii"
"Cc:","Cc"
"Chairs","Krzesła"
"Change Orientation","Zmień orientację"
"Change Password","Zmień hasło"
"Changes have been saved to theme.","Zmiany zostały zapisane do motywu."
"Check","Sprawdź"
"Check Gift Card","Sprawdź kartę prezentową"
"Check Gift Card Promo Redeemed","Sprawdź kartę prezentową rozliczonej promocji"
"Checking Gift Card %@","Sprawdzam kartę prezentową %@"
"Checkout","Zamówienie"
"Checkout Page Registration","Rejestracja na stronie zamówienia"
"Checkout as Guest","Złóż zamówienie bez zakładania konta"
"Checkout as Guest or Register","Złóż zamówienie jako gość lub załóż konto"
"Checkout has been initialized.","Proces zamówienia został zainicjalizowany."
"Checkout initialization...","Proces zamówienia został zainicjalizowany..."
"Checkout initialized!","Proces zamówienia został zainicjalizowany!"
"Choose Store View","Wybierz widok sklepu"
"Choose amount","Wybierz ilość"
"Choose file","Wybierz plik"
"City","Miasto"
"Clear","Wyczyść"
"Close","Zamknij"
"Color Themes","Motywy kolorystyczne"
"Colors","Kolory"
"Commiting updates...","Przesyłanie aktualizacji..."
"Company","Firma"
"Completed","Zakończone"
"Configuration data have been saved","Dane konfiguracji zostały zapisane."
"Configure Cart Item","Konfiguruj element koszyka"
"Confirm New Password","Potwierdź nowe hasło"
"Confirm Password","Potwierdź hasło"
"Connecting","Łączenie"
"Connection Error\nWe\'re sorry. The app is experiencing connection problems. The app requires a network connection to operate.","Błąd połączenia. Aplikacja ma problemy z połączeniem. Aplikacja wymaga działającego połączenia z internetem do działania."
"Contact Email","E-mail kontaktowy"
"Contact Information","Informacje kontaktowe"
"ContactsAreEmpty","ContactsAreEmpty"
"Container is not defined.","Kontener nie jest zdefiniowany."
"Content","Zawartość"
"Continue","Kontynuuj"
"Copyright","Prawa autorskie"
"Copyright Page Logo","Logo strony o prawach autorskich"
"Copyright Page Logo (iPhone 4 retina)","Logo strony o prawa autorskich (iPhone 4 retina)"
"Copyright: Magento (c) 2010","Copyright: Magento (c) 2010"
"Countries","Kraje"
"Countries Payment Applicable From","Formularz kwalifikowanych płatności krajów"
"Country","Kraj"
"Country options don\'t recognized for ""%s"".","Opcje kraju nie rozpoznane dla ""%s""."
"Coupon code %s is not valid.","%s nie jest prawidłowym kodem kuponu."
"Coupon code %s was applied.","Kod %s został zastosowany."
"Coupon code is empty.","Kod kuponu jest pusty."
"Coupon code was canceled.","Kod kuponu został anulowany."
"Create Account","Utwórz konto"
"Create an Account","Utwórz konto"
"Creating a Template is allowed only for applications which have device type iPhone.","Tworzenie szablonów jest możliwe tylko dla apliakcji, które mają zaznaczony typ urządzenia iPhone."
"Credit Card","Karta kredytowa"
"Credit Card %s","Karta kredytowa %s"
"Credit Card Number","Numer karty kredytowej"
"Credit Card Type","Typ karty kredytowej"
"Credit card number does not match credit card type.","Numer karty nie zgadza się z podanym typem karty."
"Cross Sells","Sprzedaże krzyżowe"
"Current Balance: %s","Bieżący bilans: %s"
"Current Password","Bieżące hasło"
"Currently, the system does not support the viewing of the order detail.","Aktualnie system nie obsługuje podglądu szczegółów zamówienia."
"Custom App Icon","Własna ikona aplikacji"
"Custom App Icon (iPhone 4 retina)","Własna ikona aplikacji (iPhone 4 retina)"
"Custom Colors","Własne kolory"
"Custom amount","Niestandardowa ilość"
"Customer","Klient"
"Customer Name","Nazwa klienta"
"Customer authentication problem.","Problem autentykacji klienta."
"Customer balance available in enterprise version of Magento only.","Bilans klienta jest dostępny tylko w wersji Enterprise Magento."
"Customer balance is disabled for current store","Bilans klienta jest wyłączony w aktualnym sklepie."
"Customer email not specified.","Adres e-mail klienta nie jest podany."
"Customer logout problem.","Problem wylogowania klienta."
"Customer not logged in.","Klient nie jest zalogowany."
"Customers","Klienci"
"DD","DD"
"Date","Data"
"Date Created","Data utworzenia"
"Date Submitted","Data zgłoszenia"
"Date Updated","Data aktualizacji"
"Date:","Data:"
"Day","Dzień"
"Deeper Messaging and Engagement with Rich Push.","Lepsze wiadomości i zaangażowani z Rich Push."
"Default Billing Address","Podstawowy adres rozliczeniowy"
"Default Shipping Address","Domyślny adres dostawy"
"Default Theme","Domyślny motyw"
"Default themes are missed.","Brakuje domyślnego motywu."
"Delete","Usuń"
"Delete Action","Akcja usunięcia"
"Delete theme","Usuń motyw"
"Deleted","Usunięty[usunięty]"
"Description","Opis"
"Description that appears in Android Market. %s chars maximum. ","Opis, który pojawia się w Android Markecie. Maksymalnie %s znaków. "
"Description that appears in the iTunes App Store. %s chars maximum. ","Opis, który pojawia się w itunes App Store. Maksymalnie %s znaków. "
"Deselect All","Odznacz wszystko"
"Design","Wygląd"
"Device","Urządzenie"
"Device Information","Informacje o urządzeniu"
"Device Type","Typ urządzenia"
"Device doesn\'t recognized","Nie rozpoznane urządzenie"
"Device doesn\'t recognized. Unable to load a template.","Urządzenie nie zostało rozpoznane. Nie można załadować szablonu."
"Device doesn\'t recognized: ""%s"". Unable to load a helper.","Urządzenie nie zostało rozpoznane: ""%s"". Nie można załadować helpera."
"Device doesn\'t recognized: ""%s"". Unable to load preview model.","Urządzenie nie zostało rozpoznane: ""%s"". Nie można załadować modelu podglądu."
"Device type doesn\'t recognized.","Nie rozpoznany typ urządzenia."
"Discount code is empty","Kod zniżki jest pusty."
"Discount:","Zniżka"
"Done","Zrobione"
"Downloadable Products Updated","Zaktualizowane produkty do pobrania"
"Downloads limit:","Limit pobrań:"
"E-mail","E-mail"
"Edit","Edytuj"
"Edit Action","Akcja edycji"
"Edit Address","Edytuj adres"
"Edit AirMail Message","Edytuj wiadomość AirMail"
"Edit AirMail Message Queue #%s","Edytuj kolejkę wiadomości AirMail nr %s"
"Edit App ""%s""","Edytuj aplikację ""%s"""
"Edit Filter","Edytuj filtr"
"Edit Image","Edytuj obrazek"
"Edit Mail List","Edytuj listę pocztową"
"Edit Template ""%s""","Edytuj szablon ""%s"""
"Edit filter","Edytuj filtr"
"Edit note","Edytuj notatkę"
"Either remote URL or application code was not set. Please make sure you filled all the values and try again.","Either remote URL or application code was not set. Please make sure you filled all the values and try again."
"Element with id %s already exists","Element o id %s już istnieje"
"Email","E-mail"
"Email Address","Adres e-mail"
"Email address you provided is not valid. Please provide a valid one.","Podany e-mail jest niepoprawny."
"Email is not correct","E-mail nie jest poprawny"
"Email is not specified","E-mail nie jest podany"
"Enable Admin Application","Włącz aplikację administracyjną"
"Enable AirMail Message Push notification","Włącz powiadomienia Push wiadomości AirMail"
"Enable Facebook","Włącz Facebook"
"Enable Flurry Analytics","Włącz statystyki Flurry"
"Enable Flurry Analytics for the merchant.","Włącz statystyki Flurry dla handlowca."
"Enable LinkedIn","Włącz LinkedIn"
"Enable Standard Checkout","Włącz standardowy proces zamówenia"
"Enable Twitter","Włącz Twitter"
"Enter Name","Podaj imię"
"Enter discount code first.","Podaj najpierw kod zniżki."
"Enter discount code if any","Podaj kod zniżki, jeśli posiadasz"
"Enter e-mail","Wpisz e-mail"
"Enter giftcard promo code here","Wpisz kod karty prezentowej tutaj"
"Enter text","Wpisz tekst"
"Enter the gift card code","Wpisz kod karty prezentowej"
"Error","Błąd"
"Error Loading Configuration Format","Wystąpił błąd podczas ładowania formatu konfiguracji"
"Error during shortening url","Wystąpił błąd podczas skracania url"
"Error message text is missed.","Brakuje teksu wiadomości błędu."
"Error while processing file ""%s"".","Wystąpił błąd podczas przetwarzania pliku ""%s""."
"Error while reading data from Payment Bridge. Please, try again.","Błąd podczas odczytywania danych z bramki płatności. Proszę spróbować później."
"Error while reading remote data","Wystąpił błąd podczas odczytywania zdalnych danych"
"Error while uploading file ""%s"".","Wystąpił błąd podczas wgrywania pliku ""%s""."
"Error while uploading file ""%s"". Disallowed file type. Only ""jpg"", ""jpeg"", ""gif"", ""png"" are allowed.","Wystąpił błąd podczas wgrywania pliku ""%s"". Niedozwolone typy plików. Tylko ""jpg"", ""jpeg"", ""gif"" i ""png"" są dozwolone."
"Excl. Tax","Bez podatku"
"Expiration Date - Month","Data ważności - miesiąc"
"Expiration Date - Year","Data ważności - rok"
"Expires: %s","Wygasa: %s"
"Extend the life of your app with Urban Airship Push Notifications.","Przedłuż życie dwojej aplikacji z powiadomieniami Push Urban Airship."
"Extensions","Moduły"
"FILTERS APPLIED","FILTRY ZASTOSOWANE"
"Facebook","Facebook"
"Facebook API","API Facebooka"
"Facebook Application ID","ID aplikacji Facebook"
"Facebook post failed...","Wpis na Facebook nie powiódł się..."
"Fax","Faks"
"File can\'t be uploaded.","Plik nie może zostać przesłany."
"File doesn\'t exist ""%s"".","Plik nie istnieje ""%s""."
"Filter","Filtr"
"Filters","Filtry"
"First Name","Imię"
"Fixed amounts","Stałe ilości"
"Flurry API Code","Kod API Flurry"
"Flurry Analytics","Statystyki Flurry"
"Flurry Analytics Site","Witryna statystyk Flurry"
"Fonts","Fonty"
"Forgot Password","Zapomniane hasło"
"Forgot Password?","Zapomniane hasło?"
"Forgot your password?","Nie pamiętasz hasła?"
"Form","Formularz"
"Free","Za darmo"
"From","Od"
"From Excl. Tax","Od (bez podatku)"
"From Incl. Tax","Od (z podatkiem)"
"From excl. tax","Od (bez podatku)"
"From incl. tax","Od (z podatkiem)"
"Full Description","Pełen opis"
"Funk Leaf","Świeży liść"
"Gallery","Galeria"
"General","Ogólne"
"Generate Offline Catalog","Wygeneruj katalog offline"
"Get Content from CMS Page","Pobierz treść ze strony CMS"
"Gift Card ""%s"" was added.","Karta prezentowa ""%s"" została dodana."
"Gift Card ""%s"" was redeemed.","Karta prezentowa ""%s"" została wykorzystana."
"Gift Card ""%s"" was removed.","Karta prezentowa ""%s"" została usunięta."
"Gift Card (%s)","Karta prezentowa (%s)"
"Gift Card amount applied to order: %s","Kwota z karty prezentowej zastosowana do zamówienia: %s"
"Gift Card code is empty.","Kod karty prezentowej jest pusty."
"Gift Card: %s","Karta prezentowa: %s"
"Gift card account available in enterprise version of Magento only.","Konto karty prezentowej jest dostępne tylko w wersji Enterprise Magento."
"Giftcard promo code","Kod karty prezentowej"
"Grand Total","Łącznie"
"Grand Total (Excl. Tax)","Suma łączna (bez podatku)"
"Grand Total (Incl. Tax)","Suma łączna (z podatkiem)"
"Guest","Gość"
"Header Background Color","Kolor tła nagłowka"
"Header Font Color","Kolor fontu nagłówka"
"High Resolution Application Icon","Ikon aplikacji wysokiej rozdzielczości"
"Home","Strona główna"
"Hot Red","Gorąca czerwień"
"How do you rate this product?","Jak oceniasz ten produkt?"
"How to incorporate Urban Airship within your application:","Jak wdrożyć Urban Airship do swojej aplikacji."
"I Agree","Zgadzam się"
"I agree to the Terms and Conditions","Zgadzam się z warunkami"
"ID","ID"
"Icon that will appear on the user\'s device after they download your app.","Ikona, która pojawi się na urządzeniu użytkownika po pobraniu aplikacji."
"Icon that will appear on the user\'s device after they download your app. You do not need to apply a gradient or soft edges (this is done automatically by Apple).","Ikona, która pojawi się na urządzeniu użytkownika po pobraniu aplikacji. Nie musisz dodawać gradientu ani miękkich krawędzi (to jest wykoanane automatycznie przez Apple)."
"Icon that will appear on the user\'s phone after they download your app.  You do not need to apply a gradient or soft edges (this is done automatically by Apple).","Ikona, która pojawi się na urządzeniu użytkownika po pobraniu aplikacji. Nie musisz dodawać gradientu ani miękkich krawędzi (to jest wykoanane automatycznie przez Apple)."
"Icon that will appear on the user\'s phone after they download your app. You do not need to apply a gradient or soft edges (this is done automatically by Apple).","Ikona, która pojawi się na urządzeniu użytkownika po pobraniu aplikacji. Nie musisz dodawać gradientu ani miękkich krawędzi (to jest wykoanane automatycznie przez Apple)."
"Icons","Ikony"
"If leave this field empty, the message will be sent immediately","Jeśli pozostawisz to pole puste, wiadomość zostanie wysłana natychmiast."
"If you want to disable the cache on the application side, leave the field empty. Warning! When disabling cache, the application will take time to load each page.","eśli chcesz wyłączyć cache po stronie aplikacji, pozostaw to pole puste. Uwaga! Kiedy wyłączysz cache, aplikacja będzie wolniej ładowała każdą stronę."
"Image %s is required.","Obrazek %s jest wymagany."
"Image action has been saved.","Operacja na obrazku została zapisana."
"Image does not exist. Please reload this page.","Obrazek nie istnieje. Przeładuj stronę."
"Image file was not found.","Plik obrazka nie został znaleziony."
"Image has been deleted.","Obrazek został usunięty."
"Image id is required.","Id obrazka jest wymagane."
"Image limits don\'t recognized for ""%s"" image type","Limity obrazków nie zostały rozpoznane dla typu ""%s"""
"Image that appears on first screen while your app is loading.","Obrazek, który pojawia się na pierwszym ekranie kiedy aplikacja się ładuje."
"Image type doesn\'t recognized: ""%s"".","Typ obrazka nie jest rozpoznany: ""%s""."
"Image type is required.","Typ obrazka jest wymagany."
"Images","Obrazki"
"Images order has been updated.","Kolejność obrazków została zaktualizowana."
"In Queue","W kolejce"
"In Stock","W magazynie"
"In addition, click here to review Urban Airship\'s Terms of Service: <a href=""%s"" target=""_blank"">click here</a>.","Dodatkowo, aby przejrzeć zasady Urban Airship <a href=""%s"" target=""_blank"">kliknij tutaj</a>."
"In order to resubmit your app, you need to first purchase a <a href=""%s"" target=""_blank"">%s</a> from MagentoCommerce","W celu ponownego zgłoszenia aplikacji, musisz najpierw wykupić <a href=""%s"" target=""_blank"">%s</a> od MagentoCommerce"
"In order to submit your app, you need to first purchase a <a href=""%s"" target=""_blank"">%s</a> from MagentoCommerce","W celu zgłoszenia aplikacji, musisz najpierw wykupić <a href=""%s"" target=""_blank"">%s</a> od MagentoCommerce"
"Inactive Tabs","Nieaktywne zakładki"
"Incl. Tax","Z podatkiem"
"Incl. tax","Z podatkiem"
"Initialization PayPal ...","Inicjalizacja PayPal..."
"Initialization of the PayPal checkout failed!","Inicjalizacja PayPal zakończyła się niepowodzeniem!"
"Invalid XML.","Nieprawidłowy XML"
"Invalid current password.","Nieprawidłowe bieżące hasło."
"Invalid customer data.","Nieprawidłowe dane klienta."
"Invalid data.","Nieprawidłowe dane."
"Invalid email address.","Niepoprawny adres e-mail."
"Invalid item or wishlist.","Nieprawidłowy produkt lub schowek."
"Invalid login or password.","Nieprawidłowa nazwa użytkownika lub hasło."
"Invalid shipping method.","Nieprawidłowa metoda dostawy."
"Issue Number","Numer wydania"
"It\'s not allowed to delete submitted application.","Kasowanie zgłoszonych aplikacji nie jest dozwolone."
"Item","Produkt"
"Item Options","Opcje elementu"
"Item has been added to cart.","Produkt został dodany do koszyka."
"Item has been deleted from cart.","Produkt został usunięty z koszyka."
"Item has been removed from wishlist.","Produkt został usunięty z schowka."
"Items","Elementy"
"Items were updated. But can\'t update wishlist.","Produkty zostały zaktualizowane. Niestety, nie możemy zaktualizoawać schowka."
"Keep your image size below %s KB for optimal performance.","Staraj się trzymać poniżej %s KB dla optymalnej wydajności."
"Key","Klucz"
"Keywords","Słowa kluczowe"
"Label","Etykieta"
"Landscape app Background","Tło aplikacji w poziomie"
"Landscape banners on Home Screen","Banery na ekranie początkowym w poziomie"
"Large iTunes Icon","Duża ikona iTunes"
"Large icon that appears in the iTunes App Store. You do not need to apply a gradient or soft edges (this is done automatically by Apple).","Duża ikona, która pojawi się w iTunes App Store. Nie musisz dodawać gradientu ani miękkich krawędzi (to jest wykoanane automatycznie przez Apple)."
"Last 5 Orders","Ostatnie 5 zamówień"
"Last 5 Search Terms","Ostatnie 5 wyszukiwanych fraz"
"Last Name","Nazwisko"
"Last update: %@","Ostatnia aktualizacja: %@"
"Lifetime Sales","Całkowita sprzedaż"
"LindedIn","LindedIn"
"Link:","Odnośnik:"
"LinkedIn","LinkedIn"
"LinkedIn API","API LinkedIn"
"LinkedIn API Key","Klucz API LinkedIn"
"LinkedIn Authorization","Autoryzacja LinkedIn"
"LinkedIn Autorization","Autoryzacja LinkedIn"
"LinkedIn Secret Key","Sekretny klucz LinkedIn"
"Linkedin post failed...","Wpis na LinkedIn nie powiódł się..."
"List of downloadable products is empty","Lista produktów do pobrania jest pusta"
"Load more items","Załaduj więcej elementów"
"Loader Splash Screen","Ekran powitalny ładowania"
"Loader Splash Screen (iPhone 4 retina)","Ekran powitalny ładowania (iPhone 4 retina)"
"Loader Splash Screen (landscape mode)","Ekran powitalny ładowania (tryb poziomy)"
"Loader Splash Screen (portrait mode)","Ekran powitalny ładowania (tryb pionowy)"
"Loading %@...","Ładuję %@..."
"Loading Account Form...","Ładuję formularz konta..."
"Loading Address Book...","Ładuję książkę adresową..."
"Loading Address Form...","Ładuję formularz adresu..."
"Loading CMS page ...","Ładuję stronę CMS..."
"Loading Cart...","Ładuję koszyk..."
"Loading Gallery...","Ładuję galerię..."
"Loading Login Form...","Ładuję formularz logowania..."
"Loading My Downloadable Products...","Ładuję produkty do pobrania..."
"Loading Order Details","Ładuję szczegóły zamówienia"
"Loading Orders List...","Ładuję listę zamówień..."
"Loading Preview...","Ładowanie podglądu..."
"Loading Product Options...","Ładuję opcje produktu..."
"Loading Products...","Ładuję produkty..."
"Loading Registration Form...","Ładuję formularz rejestracji..."
"Loading Restore Password Form...","Ładuję formularz przywracania hasła..."
"Loading Store Credit...","Ładuję kredyt kupiecki..."
"Loading WishList...","Ładuję schowek..."
"Loading Write Review Form...","Ładuję formularz nowej opinii..."
"Loading category ...","Ładuję kategorię..."
"Loading more items...","Ładuję więcej elementów..."
"Loading product ...","Ładuję produkt..."
"Loading shipping methods ...","Ładuję formy dostawy..."
"Loading...","Ładuję..."
"Locations","Lokalizacje"
"Log In","Zaloguj"
"Log Out","Wyloguj"
"Log in to Admin Panel","Zaloguj się do Panelu Administracyjnego"
"Log into Account","Zaloguj się do konta"
"Log into your account","Zaloguj się do swojego konta"
"Log out Account","Wyloguj się z konta"
"LogInMessageTitle","LogInMessageTitle"
"Login and password are required.","Login i hasło są wymagane."
"Logo in Header","Logo w nagłowku"
"Logo in Header image missing.","Brak obrazka logo w nagłówku."
"Logout complete.","Wylogowanie zakończone."
"MEP is PayPal\'s native checkout experience for the iPhone. You can choose to use MEP alongside standard checkout, or use it as your only checkout method for Magento mobile. PayPal MEP requires a <a href=""%s"">PayPal business account</a>","PayPal MEP to natywna obsługa płatności dla iPhone. Możesz wybrać MEP razem ze standardowym procesem zamówienia  lub użyć to jako jedyną metodę zamawiania w swoim mobilnym Magento. PayPal MEP wymaga <a href=""%s"">konta biznesowegoPayPal</a>"
"MM","MM"
"Mailbox title","Tytuł skrzynki pocztowej"
"Main Tabs","Główne zakładki"
"Make Inactive","Zrób niekatywne"
"Make this app available in the following territories","Udostepnij tę aplikację w następujących obszarach"
"Manage Apps","Zarządzaj aplikacjami"
"Manage Mobile App","Zarządzaj mobilnymi aplikacjami"
"Maximum length is 140","Maksymalna długość to 140"
"Maximum length is 255","Maksymalna długość to 255"
"Maximum size: %s KB.","Maksymalny rozmiar: %s KB."
"Maximum: %.2f","Maksymum: %.2f"
"Merchant Label","Etykiet handlowca"
"Merge","Złącz"
"Message","Wiadomość"
"Message Queue","Kolejka wiadomości"
"Message Settings","Ustawienia wiadomości"
"Message Templates","Szablony wiadomości"
"Message Title","Tytuł wiadomości"
"Message Type","Typ wiadomości"
"Message can be edited when status of the message is ""In Queue"" only.","Wiadomość może być edytowana tylko kiedy jej status równa się ""W kolejce""."
"Message content","Zawartość wiadomości"
"Message text is missed.","Brakuje teksu wiadomości."
"Message title","Tytuł wiadomości"
"Message too long, please use 140 symbols","Tekst jest za długi, musisz zmieścić się w 140 znakach"
"Message type doesn\'t recognized","Typ wiadomosci nie jest rozpoznany"
"Minimize","Minimalizuj"
"Minimum %@, maximum %@","Minimum %@, maksimum %@"
"Minimum: %.2f","Minimum: %.2f"
"Mobile","Mobilnie"
"Mobile Express Checkout has been canceled.","Mobilny Express Checkout został anulowany."
"Mobile Express Checkout processed successfully.","Mobilny Express Checkout został przetworzony pomyślnie."
"Month","Miesiąc"
"More","Więcej"
"More Info","Więcej informacji"
"More Tabs","Więcej zakładek"
"Most Viewed Products","Najczęściej oglądane produkty"
"My Account","Moje konto"
"My Downloadable Products","Moje produkty do pobrania"
"My Orders","Moje zamówienia"
"My Wishlist","Mój schowek"
"Name","Nazwa"
"Name on Card","Nazwisko na karcie"
"Name that appears beneath your app when users install it to their device. We recommend choosing a name that is 10-12 characters and that your customers will recognize. %s chars max.","Nazwa, która pojawia się pod aplikacją kiedy użytkownicy instalują ją na swoich urządzeniach. Sugerujemy wybierać nazwy długości ok 10-12 znaków i łatwe do rozoznania. Maks %s znaków."
"New AirMail Message","Nowa wiadomość AirMail"
"New AirMail Message Queue","Nowa kolejka wiadomości AirMail"
"New App","Nowa aplikacja"
"New Customers","Nowi klienci"
"New Password","Nowe hasło"
"New Template","Nowy szablon"
"New to Our Store?","Nowy w sklepie?"
"Nickname","Pseudonim"
"No","Nie"
"No Payment Information Required","Nie jest wymagana metoda płatności."
"No Ratings","Brak ocen"
"No internet connection. Retry later ...","Błąd połączenia z internetem. Spróbuj później..."
"No items were specifed to update.","Brak produktów do aktualizacji."
"No items were updated.","Nie zaktualizowano żadnych produktów."
"No product selected.","Nie wybrano żadnych produktów."
"No products found. Please retry with other term","Produkty nie zostały znalezione. Spróbuj z inną frazą"
"No shipping method required.","Nie jest wymagana metoda dostawy."
"No such file ""%s"".","Brak pliku ""%s""."
"Not Submitted","Nie zgłoszone"
"Note: Image size affects the performance of your app.","Uwaga: wielkość obrazka ma wpływ na wydajność aplikacji."
"Notice","Informacja"
"Number of Orders","Liczba zamówień"
"Number of Uses","Ilość zastosowań"
"OK","OK"
"OR, Pay with Standard Checkout","LUB zapłać w standardowym zamawianiu"
"Offline Catalog","Katalog offline"
"Offline cart stored on server","Koszyk offline zachowany na serwerze"
"Offline catalog export complete.","Eksport katalogu offline zakończony."
"Offline catalog export failed.","Eksport katalogu offline nie powódł się."
"One or more keywords that describe your app. Keywords are matched to users\' searches in the App Store and help return accurate search results. Separate multiple keywords with commas. 100 chars is maximum.","Jedno lub więcej słów kluczowych opisujących aplikację. Słowa kluczowe są dopasowywane do wyszukiwania użytkowników w App Store i pomagają zwrócić najdokładniejsze wyniki. Oddzielaj poszczególne słowa kluczowe przecinkami. Maksymalnie 100 znaków."
"Onepage checkout is disabled.","Składanie zamówienia na jednej stronie jest wyłączone."
"Only custom theme can be deleted","Tylko własny motyw może być usunięty"
"Only default theme can be reset","Tylko domyślny motyw może być zresetowany"
"Only free apps are allowed in this version.","Tylko darmowe apliakcje są dozwolone w tej wersji."
"Only registered users can write reviews. Please, log in or register.","Tylko zarejestrowani kiienci mogą pisać opinie. Proszę zalogować się lub zarejestrować."
"Open","Otwarty"
"Options","Opcje"
"Options menu items","Elementu menu opcji"
"Order","Zamówienie"
"Order #","Zamówienie nr "
"Order #%s - %s","Zamówienie nr %s - %s"
"Order Date: %s","Data zamówienia: %s"
"Order Details Updated","Szczegóły zamówienia zaktualizowane"
"Order ID","ID zamówienia"
"Order ID:","ID zamówienia:"
"Order Info","Informacja zamówienia"
"Order List Updated","Lista zamówień zaktualizowana"
"Order Number","Numer zamówienia"
"Order Review","Podsumowanie zamówienia"
"Order canceled","Zamówienie anulowane"
"Order failed","Zamówienie nie powiodło się"
"Order id is not specified.","Id zamówienia nie zostało określone."
"Order is not available.","Zamówienie jest niedostępne."
"Ordered","Zamówiony"
"Ordered Items","Zamówione produkty"
"Orders","Zamówienia"
"Other amount","Inna ilość"
"Out of Stock","Brak w magazynie"
"Output format is not specified. Please, specify ""format"" key in constructor, or set it using setFormat().","Format wyjsciowy nie został podany. Proszę podać klucz ""format"" w konstruktorze lub ustawić to przy pomocy setFormat()."
"Overall Activity","Ogólna aktywność"
"POST data is not valid.","Dane POST są niepoprawne."
"Pages","Strony"
"Password","Hasło"
"Password fields cannot be empty.","Pola hasła nie mogą pozostać puste."
"Password is not specified","Hasło nie jest podane"
"Password:","Hasło:"
"PayPal","PayPal"
"PayPal Checkout","Zamówienie z PayPal"
"PayPal MECL is the mobile version of PayPal\'s Express Checkout service. You can choose to use MECL alongside standard checkout, or use it as your only checkout method for Magento Mobile.","PayPal MECL to mobilna wersja usługi PayPal Express Checkout. Możesz wybrać MECL razem ze standardowym procesem zamówienia  lub użyć to jako jedyną metodę zamawiania w swoim mobilnym Magento."
"PayPal MEP","PayPal MEP"
"PayPal Mobile Embedded Payment (MEP)","PayPal Mobile Embedded Payment (MEP)"
"PayPal Mobile Express Checkout","PayPal Mobile Express Checkout"
"PayPal Mobile Express Checkout Library (MECL)","PayPal Mobile Express Checkout Library (MECL)"
"PayPal Mobile Express Checkout Token does not exist.","Token PayPal MEP nie istnieje."
"Payer Email: %s","E-mail płatnika: %s"
"Payment Applicable From","Formularz kawlifikowanych płatności"
"Payment Bridge module unavailable.","Moduł mostka płątności jest niedostępny."
"Payment Information","Informacje o płatności"
"Payment Method","Forma płatności"
"Payment Method has been set.","Metoda płatności została ustawiona."
"Payment Methods","Metody płatności"
"Payment method","Forma płatności"
"Payment method was successfully set.","Metoda płatności została ustawiona."
"Paypal MEP doesn\'t support checkout with any discount.","PayPal MEP nie obsługuje zamówienia z jakimikolwiek zniżkami."
"Place Order","Złóż zamówienie"
"Placing order ...","Składanie zamówienia..."
"Please <a href=""%s"" target=""_blank"">click here</a> to see how to setup and retrieve API credentials.","Proszę <a href=""%s"" target=""_blank"">kliknąć tutaj</a>, aby zobaczyć jak ustawić i otrzymać dane API."
"Please Select Application","Proszę wybrać aplikację"
"Please Select Device Type","Proszę wybrać typ urządzenia"
"Please agree to all the terms and conditions before placing the order.","Proszę zatwierdzić warunki zamawiania przed jego złożeniem."
"Please create and save an application first.","Proszę najpierw utworzyć i zapisać aplikację."
"Please enter ""App Title"".","Proszę wpisać ""Tytuł aplikacji"""
"Please enter a valid URL. Protocol is required (http://, https:// or ftp://)","Proszę o wprowadzenie poprawnego URL. Wymagany jest protokół (http://, https:// lub ftp://)"
"Please enter a valid date.","Proszę o wprowadzenie poprawnej daty."
"Please enter a valid email address. For example johndoe@domain.com.","Proszę o wprowadzenie poprawnego adresu e-mail. Dla przykładu: jankowalski@domena.pl."
"Please enter at least one email recipient","Proszę wpisać co najmniej jeden adres e-mail odbiorcy"
"Please enter issue number or start date for switch/solo card type.","Proszę o podanie numeru wydania lub daty rozpoczęcia dla kart typu switch/solo."
"Please enter the Activation Key.","Proszę wpisać klucz aktywacyjny."
"Please enter the Copyright.","Proszę wpisać dane praw autorskich."
"Please enter the Description.","Proszę wpisać opis."
"Please enter the Price.","Proszę wpisać cenę."
"Please enter the Resubmission Key.","Proszę wpisać klucz ponownego zgłoszenia."
"Please enter the Title.","Proszę wpisać tytuł."
"Please make sure your passwords match.","Proszę upewnić się, że hasła pasują do siebie."
"Please save application first.","Zapisz najpierw aplikację"
"Please select an option.","Proszę o wybranie opcji."
"Please select at least one country.","Proszę sprecyzować co najmniej jedną kategorię."
"Please select payment method to cover a quote","Wybierz metodę płatności, aby pokryć kwotę"
"Please set email","Proszę ustawić adres e-mail"
"Please specify payment method","Proszę o wybór metody płatności"
"Please specify shipping method","Proszę o wybór metody dostawy"
"Please upload  an image for ""App Background (landscape mode)"" field from Design Tab.","Proszę wgrać obrazek dla pola ""Tło aplikacji (tryb poziomy)"" z zakładki wygląd."
"Please upload  an image for ""App Background (portrait mode)"" field from Design Tab.","Proszę wgrać obrazek dla pola ""Tło aplikacji (tryb pionowy)"" z zakładki wygląd."
"Please upload  an image for ""App Background"" field from Design Tab.","Proszę wgrać obrazek dla pola ""Tło aplikacji"" z zakładki wygląd. "
"Please upload  an image for ""Banner on Home Screen (landscape mode)"" field from Design Tab.","Proszę wgrać obrazek dla pola ""Baner na stronie głównej (tryb poziomy)"" z zakładki wygląd."
"Please upload  an image for ""Banner on Home Screen (portrait mode)"" field from Design Tab.","Proszę wgrać obrazek dla pola ""Baner na stronie głównej (tryb pionowy)"" z zakładki wygląd."
"Please upload  an image for ""Banner on Home Screen"" field from Design Tab.","Proszę wgrać obrazek dla pola ""Baner na stronie głównej"" z zakładki wygląd."
"Please upload  an image for ""Logo in Header"" field from Design Tab.","Proszę wgrać obrazek dla pola ""Logo w nagłówku"" z zakładki wygląd. "
"Please use letters only (a-z or A-Z) in this field.","Proszę o używanie jedynie liter (a-z lub A-Z) w tym polu."
"Please use numbers only in this field. Please avoid spaces or other characters such as dots or commas.","Proszę o używanie tylko liczb w tym polu. Proszę o unikanie spacji, przecinków lub kropek."
"Please use only letters (a-z or A-Z) or numbers (0-9) only in this field. No spaces or other characters are allowed.","Proszę o używanie jedynie liter (a-z lub A-Z) lub cyfr (0-9) w tym polu. Spacje i inne znaki nie są dozwolone."
"Please wait...","Proszę czekać..."
"Please, specify gift card amount!","Podaj wartość karty prezentowej"
"Portrait app Background","Tło aplikacji w poziomie"
"Portrait banners on Home Screen","Banery na ekranie początkowym w poziomie"
"Post data is empty.","Dane wpisu są puste."
"Post this product to your wall","Wyślij ten produkt do wpisu na wallu"
"Posting to e-mails","Wpis przez e-mail"
"Preferred size: %spx x %spx.","Preferowane wymiary: %spx x %spx."
"Preset Theme","Wcześniej ustawiony motyw"
"Preview","Podgląd"
"Price","Cena"
"Price Font Color","Kolor fontu ceny"
"Price excluding tax","Cena bez podatku"
"Price including tax","Cena z podatkiem"
"Primary Color","Podstawowy kolor"
"Primary Font Color","Kolor podstawowego fontu"
"Problem changing or sending password.","Problem ze zmianą lub wysłaniem hasła."
"Proceed to Checkout","Przejdź do kasy"
"Product","Produkt"
"Product Added to Cart","Produkt dodany do koszyka"
"Product Added to Wishlist","Produkt dodany do schowka"
"Product Gallery Updated","Galeria produktu zaktualizowana"
"Product Name3 ","Nazwa produktu3 "
"Product Name3 1","Nazwa produktu3 1"
"Product Name3 2","Nazwa produktu3 2"
"Product Options Updated","Opcje produktu zaktualizowane"
"Product Removed From Wishlist","Produkt usunięty ze schowka"
"Product Reviews Updated","Recenzje produktu zaktualizowane"
"Product SKU","SKU produktu"
"Product Updated","Produkt zaktualizowany"
"Product added","Produkt dodany"
"Product is out of stock","Ten produkt jest obecnie niedostępny"
"Product is unavailable.","Produkt jest niedostępny."
"Product only available on the website.","Produkt dostępny wyłącznie na witryna www."
"Product succesfully added to cart","Produkt dodany do koszyka"
"Product was not specified.","Produkt nie został sprecyzowany."
"Product(s) currently out of stock.","Ten produkt(y) jest obecnie niedostępny:"
"Products","Produkty"
"Pull Down To Update..","Pociągnij w dół, aby zaktualizować..."
"Purchase Order Number","Numer wykupienia zamówienia:"
"Push Notification","Powiadomienia Push"
"Push Notifications allow you to send messages directly to the people who have installed your app on their device. Send messages to your full audience even when your app is closed. Push Notifications are one of the best ways to keep your app active by delivering valuable content directly to your customers. Learn more about Push Notifications - <a href=""%1$s"" target=""_blank"">%1$s</a>","Powiadomienia Push pozwalają wysyłać wiadomości bezpośrednio do ludzi, którzy mają zainstalowaną aplikację na swoich urządzeniach. Wysyłaj swoje wiadomości do wszystkich, nawet jeśli mają wyłączoną aplikację. Powiadomienia Push są jednym z lepszych sposobów, aby utrzymać aktywność swojwj aplikacji przez dostarczanie wartościowej treści do klientów. Dowiedz się więcej o powiadomieniach Push - <a href=""%1$s"" target=""_blank"">%1$s</a>"
"Push Title","Tytuł Push"
"Push message","Wiadomość Push"
"Push title","Tytuł Push"
"Qty","Ilość"
"Qty:","Ilość:"
"Quantity","Ilość"
"Quantity:","Ilość:"
"Queue Date","Data kolejki"
"Queue Message","Wiadomośc kolejki"
"Queue does not exist.","Kolejka nie istnieje."
"Queue is allowed only for applications with enabled Push Notification.","Kolejka jest dozwolona tylko dla aplikacji z włączonymi powiadomieniami Push."
"Quote instance is required.","Instancja zapytania jest wymagana."
"Quote item is not found.","Element zapytanie nie został znaleziony."
"Range param doesn\'t recognized","Parametr zakresu nie jest rozpoznany"
"Ratings and Reviews","Oceny i opinie"
"Read the Terms and Conditions","Zapoznnaj się z warunkami i regulaminem"
"Recent Activity","Ostatnia aktywność"
"Recipient Information","Informacj odbiorcy"
"Recommended size %spx x %spx.","Rekomendowane wymiary: %spx x %spx."
"Recommended size: %spx x %spx at %s dpi.","Rekomendowane wymiary: %spx x %spx przy %s dpi."
"Recommended size: %spx x %spx.","Rekomendowane wymiary: %spx x %spx."
"Recover","Odzyskaj"
"Redeem","Wykorzystaj"
"Redeeming Gift Card %@","Wykorzystywanie karty prezentowej %@"
"Redemption functionality is disabled.","Funkcjonalność wykorzystania jest wyłączona."
"Refunded","Zwrócono"
"Regions","Regiony"
"Register","Zarejestruj się"
"Registering cart ...","Rejestruję koszyk..."
"Registering user ...","Rejestruję użytkownika..."
"Regular","Standardowy"
"Regular and confirmation passwords must be equal","Zwykłe i potwierdzające hasła muszą być takie same"
"Related Product Background Color","Kolor tła powiązanych produktów"
"Release To Update...","Puść, aby zaktualizować..."
"Relevance","Znaczenie"
"Remaining downloads","Pozostałe pobrania"
"Remove","Usuń"
"Remove Address...","Usuń adres..."
"Removing %@...","Usuwanie %@"
"Removing Coupon...","Usuwanie kodu kuponu..."
"Removing Gift Card...","Usuwanie karty prezentowej..."
"Removing Product from WishList...","Usuwanie produktu ze schowka..."
"Removing Store Credit...","Usuwam kredyt kupiecki..."
"Request param %s is missed","Rządany parametr %s jest brakujący"
"Required size: %spx x %spx.","Wymagane wymiary: %spx x %spx."
"Reset theme to default","Zresetuj motyw do domyślnego."
"Resubmission Key","Klucz ponownego zgłoszenia"
"Resubmit App","Ponownie zgłoś aplikację"
"Resubmit App failure. %s","Niepowodzenie zgłoszenia apliakcji. %s"
"Results","Rezultaty"
"Revenue","Dochód"
"Revert","Odwróć"
"Revert Discount","Wycofaj zniżkę"
"Review","Opinia"
"Rich Push allows you to create and send engaging experiences by adding HTML and other rich media components to your push notifications. Moving beyond alerts and badge updates, Rich Push takes users into the app while displaying content in a customizable WebKit view. Create branded messages that engage your users with new content and information, all without having to update your app. Learn more about Rich Push - <a href=""%1$s"" target=""_blank"">%1$s</a>","Rich Push allows you to create and send engaging experiences by adding HTML and other rich media components to your push notifications. Moving beyond alerts and badge updates, Rich Push takes users into the app while displaying content in a customizable WebKit view. Create branded messages that engage your users with new content and information, all without having to update your app. Learn more about Rich Push - <a href=""%1$s"" target=""_blank"">%1$s</a>"
"SORT BY:","SORTUJ WG"
"Sample","próbka"
"Samples","Przykłady"
"Save","Zapisz"
"Save As","Zapisz jako"
"Save Theme","Zapisz motyw"
"Save and Continue Edit","Zapisz i kontynuuj edycję"
"Save and Submit App","Zapisz i zgłoś apliakcję"
"Save in address book","Zapisz w książce adresowej"
"Saving Address...","Zapisuję adres..."
"Saving changes ...","Zapisuję zmiany..."
"Saving shipping address ...","Zapisuję adres dostawy..."
"Saving shipping methods ...","Zapisuję metody dostawy..."
"Screen resolution is not supported","Rozdzielczość ekranu nie jest obsługiwana"
"Screens:","Ekrany:"
"Scroll Background Color","Pzewijaj kolor tła"
"Search","Szukaj"
"Search Term","Szukana fraza"
"Search Updated","Wyszukiwanie zaktualizowane"
"Searching for %@...","Wyszukiwanie dla %@..."
"Secondary Color","Drugorzędny kolor"
"Secondary Font Color","Kolor drugorzędnego fontu"
"See all","Zobacz wszystko"
"Select %@","Wybierz %@"
"Select All","Zaznacz wszystko"
"Select Chart","Wybierz wykres"
"Select Links","Wybierz odnośniki"
"Select Options","Wybierz opcje"
"Select Payment Method","Wybierz metodę płatności"
"Select Range","Wybierz zakres"
"Select a","Wybierz"
"Select a Billing Address","Wybierz adres rozliczeniowy"
"Select a Shipping Address","Wybierz adres dostawy"
"Select from Address Book","Wybierz z książki adresowej"
"Select shipping method","Wybierz formę dostawy"
"Selected product is unavailable.","Wybrany produkt jest niedostępny."
"Send","Wyślij"
"Sender Information","Informacje nadawcy"
"Sending e-mail failed...","Nie udało się wysłać e-mail..."
"Set","Ustaw"
"Settings","Ustawienia"
"Shake device to reset the filter","Potrząśnij urządzenie aby zresetowć filtr"
"Share","Podziel się"
"Share on LinkedIn","Podziel się na LinkedIn"
"Share on Twitter","Podziel się na Twitterze"
"Ship method","Metoda dostawy"
"Shipped","Wysłane"
"Shipping","Dostawa"
"Shipping Address","Adres dla dostawy"
"Shipping Method","Metoda dostawy"
"Shipping address","Adres dla dostawy"
"Shipping address has been set.","Adres dostawy został ustawiony."
"Shipping method","Metoda dostawy"
"Shipping method has been set.","Metoda dostawy została ustawiona."
"Shipping method is required","Metoda dostawy jest wymagana"
"Shipping method successfully updated","Metoda dostawy została zaktualizowana"
"Shipping to this address is not possible.","Dostawa do tego adresu nie jest możliwa."
"Shop","Sklep"
"Shop All","Zobacz wszystko"
"Shop Updated","Sklep zaktualizowany"
"Shopping Cart","Koszyk"
"Shopping cart is empty.","Koszyk jest pusty."
"Show Password","Pokaż hasło"
"Sign In","Zaloguj się"
"Signing In...","Logowanie..."
"Signing Out ...","Wylogowywanie..."
"Sky Blue","Błękit nieba"
"Social Networking","Sieci społecznościowe"
"Some emails were not sent.","Niektóre e-maile nie zostały wysłane."
"Sorry, no quotes are available for this order at this time.","Niestety, żadne możliwości nie są dostępne dla tego zamówienia w chwili obecnej."
"Sorry, there are no items in this category.","Brak produktów w tej kategorii."
"Special","Specjalne"
"Special Excl. Tax","Specjalne (bez podatku)"
"Special Incl. Tax","Specjalne (z podatkiem)"
"Specific Countries","Wybrane kraje"
"Specified address does not exist.","Wybrany adres nie istnieje."
"Specified invalid app code.","Wybrano nieprawidłowy kod aplikacji."
"Specified invalid data.","Wybrano nieprawidłowe dane."
"Specified item does not exist in wishlist.","Wybrany element nie istnieje w schowku."
"Standard Checkout","Standardowy proces zamówienia"
"Standard Checkout uses the checkout methods provided by Magento. Only inline payment methods are supported. (e.g PayPal Direct,  Authorize.Net, etc.)","Standardowy proces zamówienia używa metod zamówienia dostarczonych przez Magento. Tylko metody płatności online są obsługiwane (np. PayPal Direct, AuthorizeNet, itp.)"
"Start Date","Data rozpoczęcia"
"Start Date - Month","Data rozpoczęcia - miesiąc"
"Start Date - Year","Data rozpoczęcia - rok"
"Starting At","Zaczynając od"
"Starting At Excl. Tax","Zaczynając od (bez podatku)"
"Starting At Incl. Tax","Zaczynając od (z podatkiem)"
"Starting at excl. tax","Zaczynając od (bez podatku)"
"Starting at incl. tax","Zaczynając od (z podatkiem)"
"State/Province","Województwo:"
"Status","Status"
"Storage of offline cart on server failed. Please retry later","Przechowanie koszyka offline na serwerze nie powiodło się, spróbuj później."
"Store Credit Info Updated","Kredyt w sklepie zaktualizowany"
"Store Credit payment is not being used in your shopping cart.","Płatności kredytem sklepowym nie mają zastosowania w koszyku."
"Store View","Widok sklepu"
"Store credit","Kredyt w sklepie"
"Store logo that is displayed on copyright page of app.","Logo sklepu jest wyświetlane na stronie praw autorskich apliakcji."
"Store switcher hasn\'t been defined","Przełącznik sklepów nie jest zdefiniowany"
"Street Address","Adres pocztowy"
"Street Address 2","Adres pocztowy 2"
"Subject:","Temat:"
"Submission","Zgłoszenie"
"Submission Fields","Pola zgłoszenia"
"Submission History","Historia zgłoszenia"
"Submit App","Zgłoś aplikację"
"Submit App ""%s""","Zgłoś aplikację ""%s"""
"Submit App failure. %s","Niepowodzenie zgłoszenia apliakcji. %s"
"Submit App failure. Invalid activation key provided","Niepowodzenie zgłoszenia apliakcji. Dostarczono nieprawidłowy klucz aktywacji."
"Submit Review","Dodaj recenzję"
"Submitted","Zgłoszone"
"Submitting Review...","Dodaję recenzję..."
"Subtotal","Suma częściowa"
"Subtotal (Excl. Tax)","Suma częściowa (bez podatku)"
"Subtotal (Incl. Tax)","Suma częściowa (z podatkiem)"
"Subtotal Excl. Tax","Suma częściowa (bez podatku)"
"Subtotal Incl. Tax","Suma częściowa (z podatkiem)"
"Subtotal excluding tax","Suma częściowa (bez podatku)"
"Subtotal incl. tax:","Suma częściowa (z podatkiem)"
"Subtotal including tax","Suma częściowa z podatkiem"
"Subtotal:","Suma częściowa:"
"Success","Zakończono pomyślnie"
"Successfully posted to Facebook","Wpis opublikowany na Facebook"
"Successfully posted to Linkedin","Wpis opublikowany na LinkedIn"
"Summary of Your Review","Podsumowanie twojej opinii"
"Swipe a product to reveal more options","Przesuń produkt, zeby zobaczyć więcej opcji"
"T-Shirts","Koszulki"
"Tabs","Zakładki"
"Tax","Podatek"
"Telephone","Telefon"
"Tell a Friend","Wyślij znajomemu"
"Tell a Friend is disabled.","Wyślij znajomemu jest wyłączone."
"Tell a Friend link has been sent.","Link do wysłania znajomemu został wysłany."
"Template","Szablon"
"Template Content","Zawartość szablonu"
"Template Name","Nazwa szablonu"
"Template does not exist.","Szablon ni istnieje."
"Template for new AirMail Message does not exist.","Szablon dla nowej wiadomości AirMail nie istnieje."
"Template has been deleted.","Szablon został usunięty."
"Terms And Conditions","Warunki składania zamówienia"
"Text length does not satisfy specified max text range.","Długość tekstu nie odpowiada podanemu maks. zasięgowi tekstu."
"Text length does not satisfy specified min text range.","Długość tekstu nie odpowiada podanemu min. zasięgowi tekstu."
"Thank you for registering!","Dziękujemy za rejestrację!"
"Thank you for your purchase! ","Dziękujemy za złożenie zamówienia! "
"The %s field should be filled.","Pole %s powinno być wypełnione."
"The Mailbox title will be shown in the More Info tab. To understand more about the title, please <a target=""_blank"" href=""http://www.magentocommerce.com/img/product/mobile/helpers/mail_box_title.png"">click here</a>","The Mailbox title will be shown in the More Info tab. To understand more about the title, please <a target=""_blank"" href=""http://www.magentocommerce.com/img/product/mobile/helpers/mail_box_title.png"">click here</a>"
"The application is currently inactive.\nPlease try again later.","The application is currently inactive.\nPlease try again later."
"The cart is empty","Koszyk jest pusty."
"The custom amount value should be higher than 0.","The custom amount value should be higher than 0."
"The custom amount value should not be higher than %s.","The custom amount value should not be higher than %s."
"The custom amount value should not be lower than %s.","The custom amount value should not be lower than %s."
"The following email(s) are either mistyped or have incorrect format. Check them and try again:\n","The following email(s) are either mistyped or have incorrect format. Check them and try again:\n"
"The icon that appears in the Android Market.","The icon that appears in the Android Market."
"The length of the text in the %s field is too big. Please shorten the text.","The length of the text in the %s field is too big. Please shorten the text."
"The max length of the field ""%@"" is %d!","The max length of the field ""%@"" is %d!"
"The minimum password length is 6","The minimum password length is 6"
"The server responded with invalid data.","The server responded with invalid data."
"The shortening service returned status code %d indicating a client side error.","The shortening service returned status code %d indicating a client side error."
"The shortening service returned status code %d indicating a server side error.","The shortening service returned status code %d indicating a server side error."
"The store credit payment has been removed from shopping cart.","Płatność kredytem sklepowym została usunięta z koszyka."
"The value is too big!","The value is too big!"
"The value should not be greater than %.2f!","The value should not be greater than %.2f!"
"The value should not be less than %.2f!","The value should not be less than %.2f!"
"Theme configurations are successfully reset.","Konfiguracja motywu została zresetowana."
"Theme has been created.","Motyw został utworzony."
"Theme has been delete.","Motyw został usunięty."
"Theme label can\'t be empty","Etykieta motywu nie może być pusta"
"Theme label:","Etykieta motywu:"
"Theme name is not set.","Nazwa motywu nie jest ustawiona."
"There are files that were selected but not uploaded yet. After switching to another tab your selections may be lost. Do you wish to continue ?","There are files that were selected but not uploaded yet. After switching to another tab your selections may be lost. Do you wish to continue ?"
"There are no items here","There are no items here"
"There are no items in your cart","There are no items in your cart"
"There is an error in loading an app\'s configuration","There is an error in loading an app\'s configuration"
"There is an error in retrieving the data. Please try again later","There is an error in retrieving the data. Please try again later"
"There is no addresses for this contact","There is no addresses for this contact"
"There is no store credit history!","There is no store credit history!"
"There were some problems with the data.","Wysąpiły pewne problemy z danymi."
"This email address was not found in our records.","Nie ma takiego adresu e-mail w naszej bazie"
"This functionality disabled in offline mode","This functionality disabled in offline mode"
"This is a required field.","To pole jest wymagane."
"This product has no images.","This product has no images."
"Title","Tytuł"
"Title bar","Pasek tytułowy"
"To","Do"
"To Excl. Tax","To Excl. Tax"
"To Incl. Tax","To Incl. Tax"
"To activate PayPal MEP payment method activate Express checkout first. ","W celu aktywacji PayPal MEP musisz najpierw aktywować Express. "
"To excl. tax","To excl. tax"
"To incl. tax","To incl. tax"
"To preview the newly uploaded images, please save your application first.","To preview the newly uploaded images, please save your application first."
"To:","Do:"
"Token has not been set.","Token nie został ustawiony."
"Too many recipients have been set.  Max amount of recipients is:","Too many recipients have been set.  Max amount of recipients is:"
"Top Search Terms","Top Search Terms"
"Total","Razem"
"Total Order Amount","Łączna liczba zamówień"
"Total incl. Tax: %1$s","Łącznie z podatkiem: %1$s"
"Total incl. tax","Razem z podatkiem"
"Totals","Totals"
"Touch and hold a product to delete from shopping cart","Touch and hold a product to delete from shopping cart"
"Touch and hold a product to reveal more options","Touch and hold a product to reveal more options"
"Try Again","Try Again"
"Twitter","Twitter"
"Twitter API","API Twittera"
"Twitter API Key","Klucz API Twittera"
"Twitter Authorization","Twitter Authorization"
"Twitter Autorization","Twitter Autorization"
"Twitter Secret Key","Sekretny klucz Twittera"
"Twitter post failed...","Twitter post failed..."
"Type","Typ"
"Type and data is required","Type and data is required"
"URL","URL"
"Unable to cancel Mobile Express Checkout.","Nie można anulować Mobile Express Checkout."
"Unable to cancel queue.","Nie można anuować kolejki."
"Unable to collect cart totals.","Nie można pobrać sum koszyka."
"Unable to delete queue.","Nie można usunąć kolejki."
"Unable to find an app to delete.","Nie znaleziono aplikacji do usunięcia."
"Unable to find template to delete.","Nie znaleziono szablonu do usunięcia"
"Unable to get shipping methods list.","Nie udało się pobrać listy metod dostawy."
"Unable to initialize MEP Checkout.","Nie można zainicjować zamówień MEP."
"Unable to initialize PayPal Mobile Express Checkout.","Nie można zainicjować PayPal Mobile Express Checkout."
"Unable to initialize express checkout review.","Nie można zainicjować opinii zamówień express."
"Unable to initialize express checkout shipping method list.","Nie można zainicjować listy metod dostawy zamówień express."
"Unable to initialize return action.","Nie można zainicjować akcji zwrotnej."
"Unable to load addresses.","Nie udało się załadować adresów."
"Unable to load application form.","Nie udało się załadować formularza apliakcji."
"Unable to load banners.","Unable to load banners."
"Unable to load billing address form.","Nie udało się załadować formularza adresu rozliczeniowego."
"Unable to load billing address.","Nie udało się załadować adresu rozliczeniowego."
"Unable to load categories.","Nie udało się załadować kategorii."
"Unable to load checkout.","Nie udało się załadować procesu zamówienia."
"Unable to load localization.","Unable to load localization."
"Unable to load order list.","Nie udało się załadować listy zamówienia."
"Unable to load order review.","Nie udało się załadować opinii zamówienia."
"Unable to load product gallery.","Nie udało się załadować galerii produktu."
"Unable to load product info.","Nie udało się załadować informacji produktu."
"Unable to load product options.","Nie udało się załadować opcji produktu."
"Unable to load product review.","Nie udało się załadować opinii produktu."
"Unable to load product reviews.","Nie udało się załadować opinii produktu."
"Unable to load review form.","Nie udało się załadować formularza opinii."
"Unable to load search.","Nie udało się załadować wyszukiwania."
"Unable to load shipping address form.","Nie udało się załadować formularza adresu dostawy."
"Unable to place the order.","Nie można złożyć zamówienia."
"Unable to post the review.","Nie można opublikować opinii."
"Unable to process preview.","Nie udało się przetworzyć podglądu."
"Unable to render a gift card account.","Nie można wyrenderować konta karty prezentowej."
"Unable to render an order.","Nie można wyrenderować zamówienia."
"Unable to render downloadable products.","Unable to render downloadable products."
"Unable to render the store credits.","Nie można wyrenderować kredytu sklepowego."
"Unable to save app.","Nie można zapisać aplikacji."
"Unable to save message.","Nie można zapisać wiadomości."
"Unable to save shipping address.","Nie można zapisać adresu dostawy."
"Unable to save shipping method.","Nie można zapisać metody dostawy."
"Unable to save template.","Nie można zapisać szablonu."
"Unable to start MEP Checkout.","Nie można rozpocząć zamówień MEP."
"Unable to start Mobile Express Checkout.","Nie można rozpocząć Mobile Express Checkout."
"Unable to update shipping method.","Nie można zaktualizować metody dostawy."
"Undefined","niezdefiniowany"
"Unit Price","Cena jednostkowa"
"Unit Price:","Unit Price:"
"Unknown Error","Nieznany błąd"
"Unknown Error.","Nieznany błąd."
"Unknown Payment Bridge Error","Unknown Payment Bridge Error"
"Unknown error ocured. Please retry later","Unknown error ocured. Please retry later"
"Unsupported character in path: ""%s""","Nieobsługiwany znak w ścieżce ""%s"""
"Unsupported value type received","Otrzymano nieobsługiwany typ wartości"
"Update Comment Error","Update Comment Error"
"Update Preview","Aktualizuj podgląd"
"Updating ...","Updating ..."
"Updating Cart...","Updating Cart..."
"Upon receiving these credentials, please fill in the corresponding fields.","Przed otrzymaniem tych danych, proszę wypełnić odpowiednie pola."
"Urban Airship Push Notification","Powiadomienia Push Urban Airship"
"Use Billing Address","Użyj adresu rozliczeniowego"
"Use Store Credit (%s available)","Wykorzysta kredyt sklepowy (dostępne %s)"
"Use as my default billing address","Użyj jako domyślnego adresu rozliczeniowego"
"Use as my default shipping address","Użyj jako domyślnego adresu dostawy"
"Use billing address for shipping","Use billing address for shipping"
"User Name:","Nazwa użytkownika:"
"User session is expired","User session is expired"
"Version","Version"
"View Cart","View Cart"
"View Details","Zobacz szczegóły"
"View Gallery","Zobacz galerię"
"View Wishlist","View Wishlist"
"Warning: All related AirMail messages will be deleted!","Ostrzeżenie: wszystkie powiązane wiadomości AirMail zostaną usunięte!"
"Website is offline","Website is offline"
"Website is offline.","Witryna jest offline"
"WishList Updated","Schowek został zaktualizowany."
"Wishlist has been cleared.","Schowek został wyczyszczony."
"Wishlist has been updated.","Schowek został zaktualizowany."
"Wishlist has been updated. But there are accrued some errors while updating some items.","Schowek został zaktualizowany. Niestety wystąpiły jakieś błędy podczas aktualizowania."
"Wishlist is empty.","Schowek jest pusty."
"Write a Review","Write a Review"
"Write a review","Write a review"
"Wrong Ipad background image orientation has been specified: ""%s"".","Nieprawidłowa orientacja obrazka tła iPada została podana: ""%s""."
"Wrong PayPal Mobile Express Checkout Token specified.","Nieprawidłowy token PayPal Mobile Express Checkout Library."
"Wrong device type.","Nieprawidłowy typ urządzenia"
"Wrong email format","Nieprawidłowy format e-maila"
"Wrong or expired Gift Card Code.","Nieprawidłoy lub nieważny kod karty prezentowej."
"Wrong theme format.","Nieprawidłowy format motywu."
"YYYY","RRRR"
"Year","Rok"
"Yes","Tak"
"You are already logged in.","Już jesteś zalogowany."
"You are not logged in","Już jesteś zalogowany."
"You can watch statistics here.","Tutaj możesz zobaczyć statystyki."
"You canceled your order. Touch ""Pay with PayPal"" to try again.","You canceled your order. Touch ""Pay with PayPal"" to try again."
"You have entered an incorrect decimal value in the custom amount field. Provide a valid value.","You have entered an incorrect decimal value in the custom amount field. Provide a valid value."
"You have placed no orders.","Nie masz jeszcze żadnych zamówień."
"You have uncommitted actions. Commit?","You have uncommitted actions. Commit?"
"You may also like","You may also like"
"You must login first","Logowanie"
"You must read and agree to the Terms and Conditions before placing your order.","You must read and agree to the Terms and Conditions before placing your order."
"You need to enable PayPal Express Checkout first from the Payment configuration before enabling PayPal MECL.","Zanimuruchomisz PayPal MECL musisz uruchomić PayPal Express Checkout w konfiguracji płatności."
"You will receive an order confirmation email with details of your order and a link to track its progress.","Otrzymasz e-mail potwierdzający szczegóły zamówienia z linkiem do śledzenia jego postępu."
"Your current balance is:","Twój aktualny bilans:"
"Your order # is: %s. ","Numer twojego zamówienia to: %s "
"Your order cannot be completed at this time as there is no payment methods available for it.","Twoje zamówienie nie może zostać zrealizowane, w chwili obecnej nie mamy dla niego odpowiedniej metody płatności."
"Your order failed. Touch ""Pay with PayPal"" to try again.","Your order failed. Touch ""Pay with PayPal"" to try again."
"Your review has been accepted for moderation.","Twoja recenzja została przekazana do moderatora"
"Your tweet has been sent. Thanks for sharing this product on Twitter","Your tweet has been sent. Thanks for sharing this product on Twitter"
"Zip/Postal Code","Kod pocztowy"
"\'%s\' exceeds the allowed file size: %d (bytes)","\'%s\' exceeds the allowed file size: %d (bytes)"
"\'%s\' height exceeds allowed value of %d px","\'%s\' height exceeds allowed value of %d px"
"\'%s\' is not a valid file extension. Allowed extensions: %s","\'%s\' is not a valid file extension. Allowed extensions: %s"
"\'%s\' width exceeds allowed value of %d px","\'%s\' width exceeds allowed value of %d px"
"and","i"
"as Guest","Gość"
"each","każdy"
"field is required","* - pole jest wymagane"
"iPad","iPad"
"iPhone","iPhone"
"image_id is required","image_id is required"
"not set","not set"
"required","required"
"save","zapisz"
"ver. %s","wer. %s"
