" The customer does not exist in the system anymore."," Klient nie istnieje już w systemie."
" [deleted]"," [usunięty]"
" and "," i "
"%s (Default Template from Locale)","%s (Domyślny szablon z języka)"
"%s cache type(s) disabled.","%s typ(ów) cache zostało wyłączonych."
"%s cache type(s) enabled.","%s typ(ów) cache zostało włączonych."
"%s cache type(s) refreshed.","%s typ(ów) cache zostało odświerzonych."
"(For Type ""Local Server"" need to use relative path to Magento install var/export or var/import, e.g. var/export, var/import, var/export/some/dir, var/import/some/dir)","(Dla typu ""Serwer lokalny"" musisz uzyć ścieżki relatywnej do instalacji Magento var/export or var/import, np. var/export, var/import, var/export/some/dir, var/import/some/dir)"
"(For US 2-letter state names)","(Dla US 2-literowe nazwy stanów)"
"(If left empty will be auto-generated)","(Pozostawione puste sprawi, że zostanie wygenerowane automatycznie)"
"(Leave empty for first spreadsheet)","(Pozostaw puste dla pierwszego arkusza)"
"(Products will be added/updated to this store if 'store' column is blank or missing in the import file.)","(Produkty zostaną dodane/zaktualizowane w tym sklepie jeśli kolumna 'store' będzie pusta lub nie będzie istniała w pliku importu.)"
"(Shift-)Click or drag to change value","kliknij trzymając Shift lub przeciągnij aby zmienić wartość"
"(Starting with)","(Zaczynając od)"
"(When 'No', only mapped fields will be imported. When mapping, use 'column1', 'column2', etc.)","(Gdy 'Nie' tylko mapowane pola zostaną zaimportowane. Podczas mapowania używaj 'kolumna1', 'kolumna2', itd.)"
"(You have to increase php memory_limit before changing this value)","(Musisz zwiększyć ilość przydzielonej pamięci memory_value przed zmianą tej wartości)"
"(\\t for tab)","(\\t dla tabulatora)"
"* - If indexing is in progress, it will be killed and new indexing process will start.","* - jeśli indeksowanie jest w trakcie, zostanie zatrzymane i nowy proces zostanie rozpoczęty"
"* Required Fields","* wymagane pola"
"- Click on any of the time parts to increase it","- Kliknij na dowolnej części kontrolki aby ją zwiększyć"
"- Hold mouse button on any of the above buttons for faster selection.","- Przytrzymaj przycisk myszy na powyższych przyciskach aby szybciej wybrać"
"- Use the %s buttons to select month","- Użyj przycisków %s aby wybrać miesiąc"
"- Use the %s, %s buttons to select year","- Użyj przycisków %s aby wybrać rok"
"- or Shift-click to decrease it","- lub kliknij trzymając Shift aby zmniejszyć"
"- or click and drag for faster selection.","- lub naciśnij i przeciągnij aby wybrać szybciej"
"-- Not Selected --","-- Nie wybrano --"
"-- Please Select --","-- Proszę wybrać --"
"-- Please Select Billing Agreement--","-- Proszę wybrać umowę rozliczeniową --"
"-- Please Select a Category --","-- Proszę wybrać kategorię --"
"-- Please select --","-- Proszę wybrać --"
"--Please Select--","-- Proszę wybrać --"
"1 Hour","1 godz."
"12 Hours","12 godz."
"12h AM/PM","12h przed/po południu"
"2 Hours","2 godz."
"24 Hours","24 godz."
"24h","24 godz."
"2YTD","Od dwóch lat"
"6 Hours","6 godz."
"<h1 class=""page-heading"">404 Error</h1><p>Page not found.</p>","<h1 class=""page-heading"">Błąd 404</h1><p>Strona nie została odnaleziona.</p>"
"<strong>%s</strong> requests access to your account","<strong>%s</strong> poprosił o dostęp do twojego konta"
"<strong>Attention</strong>: Captcha is case sensitive.","<strong>Uwaga</strong>: Captcha bierze pod uwagę wielkie i małe litery."
"A user with the same user name or email aleady exists.","Użytkownik o takiej nazwie użytkownika lub adresie e-mail już istnieje."
"API Key","Klucz API"
"API Key Confirmation","Potwierdzenie klucza API"
"ASCII","ASCII"
"Abandoned Carts","Porzucone koszyki"
"About the calendar","O kalendarzu"
"Access Denied","Dostęp zabroniony"
"Access denied","Dostęp zabroniony"
"Access denied.","Dostęp zabroniony."
"Account Created in:","Konto utworzono w:"
"Account Created on (%s):","Konto utworzono (%s):"
"Account Created on:","Konto utworzono:"
"Account Information","Dane konta"
"Account Status","Status konta"
"Account status","Status konta"
"Action","Operacja"
"Actions","Operacje"
"Actions XML","XML operacji"
"Active","Aktywny"
"Add","Dodaj"
"Add Exception","Dodaj wyjątek"
"Add Field Mapping","Dodaj mapowanie pól"
"Add Field with URL:","Dodaj pole z URL:"
"Add New","Dodaj nowe"
"Add New Image","Dodaj nowy obraz"
"Add New Profile","Dodaj nowy profil"
"Add New Role","Dodaj nową rolę"
"Add New Template","Dodaj nowy szablon"
"Add New URL Rewrite","Dodaj nowe przekierowanie URL"
"Add New User","Dodaj nowego użytkownika"
"Add New Variable","Dodaj nową zmienną"
"Add Products","Dodaj produkty"
"Add URL Rewrite","Dodaj nowe przekierowanie URL"
"Add URL Rewrite for a Category","Dodaj przekierowanie URL dla kategorii"
"Add URL Rewrite for a Product","Dodaj przekierowanie URL dla produktu"
"Add after","Dodaj za"
"Additional Cache Management","Dodatkowe zarządzanie cache"
"Address Type:","Typ adresu:"
"Admin","Administrator"
"Advanced Admin Section","Sekcja Zaawansowanych Ustawień Administracyjnych"
"Advanced Profiles","Zaawansowane profile"
"Advanced Section","Sekcja Zaawansowana"
"After authorization application will have access to you account.","Po autoryzacji aplikacja uzyska dostęp do twojego konta."
"All","Wszystko"
"All Allowed Countries","Wszystkie dozwolone kraje"
"All Cache","Cała pamięć cache"
"All Files","Wszystkie pliki"
"All Reviews","Wszystkie recenzje"
"All Store Views","Wszystkie widoki sklepu"
"All Tags","Wszystkie tagi"
"All Websites","Wszystkie witryny"
"All countries","Wszystkie kraje"
"All fields","Wszystkie pola"
"All possible rates were fetched, please click on ""Save"" to apply","Wszystkie możliwe stawki zostały pobrane, kliknij ""Zapisz"" aby zastosowa"
"All rates were fetched, please click on ""Save"" to apply","Wszystkie stawki zostały pobrane, kliknij ""Zapisz"" aby zastosować"
"All valid rates have been saved.","Wszystkie poprawne stawki zostały zapisane."
"Always (during development)","Zawsze (podczas developmentu)"
"Amounts","Ilości"
"An error has occured while syncronizing media storages.","Wystąpił błąd podczas synchronizacji składowania mediów."
"An error occurred while clearing the JavaScript/CSS cache.","Wystąpił błąd podczas czyszczenia pamięci cache JavaScript/CSS."
"An error occurred while clearing the image cache.","Wystąpił błąd podczas czyszczenia pamięci cache obrazków."
"An error occurred while deleting URL Rewrite.","Wystąpił błąd podczas usuwania przekierowania URL."
"An error occurred while deleting email template data. Please review log and try again.","Wystąpił błąd podczas usuwania danych szablonu e-mail. Proszę przejrzeć logi i spróbować ponownie."
"An error occurred while deleting record(s).","Wystąpił błąd podczas usuwania wpisów."
"An error occurred while deleting this role.","Wystąpił błąd podczas usuwania tej roli."
"An error occurred while deleting this set.","Wystąpił błąd podczas usuwania tego zestawu."
"An error occurred while deleting this template.","Wystąpił błąd podczas usuwania tego szablonu."
"An error occurred while finishing process. Please refresh the cache","Wystąpił błąd podczasz kończenia procesu. Spróbuj odświeżyć pamięć podręczną (cache)"
"An error occurred while rebuilding the CatalogInventory Stock Status.","Wystąpił błąd podczas przebudowania statusu stanów magazynowych produktów."
"An error occurred while rebuilding the catalog index.","Wystąpił błąd podczas przebudowania indeksu katalogu."
"An error occurred while rebuilding the flat catalog category.","Wystąpił błąd podczas przebudowania płaskiego katalogu kategorii."
"An error occurred while rebuilding the flat product catalog.","Wystąpił błąd podczas przebudowania płaskiego katalogu produktów."
"An error occurred while rebuilding the search index.","Wystąpił błąd podczas przebudowania indeksu wyszukiwania."
"An error occurred while refreshing the Catalog Rewrites.","Wystąpił błąd podczas odświerzania przekierowań katalogu."
"An error occurred while refreshing the Layered Navigation indices.","Wystąpił błąd podczas odświerzania wskaźników warstwowej nawigacji."
"An error occurred while refreshing the catalog rewrites.","Wystąpił błąd podczas odświerzania przekierowań katalogu."
"An error occurred while refreshing the layered navigation indices.","Wystąpił błąd podczas odświerzania wskaźników warstwowej nawigacji."
"An error occurred while saving URL Rewrite.","Wystąpił błąd podczas zapisywania przekierowania URL."
"An error occurred while saving account.","Wystąpił błąd podczas zapisywania konta."
"An error occurred while saving review.","Wystąpił błąd podczas zapisywania opinii."
"An error occurred while saving the customer.","Wystąpił błąd podczas zapisywania klienta."
"An error occurred while saving this configuration:","Wystąpił błąd podczas zapisywania tej konfiguracji:"
"An error occurred while saving this role.","Wystąpił błąd podczas zapisywania tej roli."
"An error occurred while saving this template.","Wystąpił błąd podczas zapisywania tego szablonu."
"An error occurred while updating the selected review(s).","Wystąpił błąd podczas aktualizowania wybranych opinii."
"Any","Dowolny"
"Any Attribute Set","Dowolny zestaw cech"
"Any Group","Dowolna grupa"
"Any Status","Dowolny status"
"Any Store","Dowolny sklep"
"Any Type","Dowolny typ"
"Any Visibility","Dowolna widoczność"
"Any data created since the backup was made will be lost including admin users, customers and orders.","Wszystkie dane utworzone od ostatniejkopii zostaną utracone, włączając w to administratorów, klientów i zamówienia."
"Archive file name:","Nazwa pliku archiwum:"
"Are you sure that you want to delete this template?","Czy na pewno chcesz usunąć ten szablon?"
"Are you sure that you want to strip tags?","Jesteś pewien, że chcesz pozbyć się tagów?"
"Are you sure you want to do this?","Czy na pewno chcesz to zrobić?"
"Are you sure you want to proceed?","Czy na pewno chcesz kontynuować?"
"Area","Obszar"
"As low as:","Już od:"
"Assigned","Przypisany"
"Associated Tags","Powiązane tagi"
"Attribute Set Name:","Nazwa zestawu atrybutów:"
"Attributes","Cechy"
"Authorization confirmed","Autoryzacja potwierdzona"
"Authorize","Autoryzujautoryzuj"
"Authorize application","Autoryzuj aplikację"
"Authorized OAuth Tokens","Autoryzowane tokeny OAuth"
"Automatic (equalize price ranges)","Automatycznie (wyrównuje zakresy cen)"
"Automatic (equalize product counts)","Automatycznie (wyrównuje liczbę produktów)"
"Average Order Amount","Średnia ilość zamówienia"
"Average Orders","Średnie zamówienia"
"BINARY","BINARNY"
"Back","Powrót"
"Back to Login","Powrót do logowania"
"Backup","Kopia zapasowa"
"Backup Name","Nazwa kopii zapasowej"
"Backup options","Opcje kopii zapasowej"
"Backups","Kopie zapasowe"
"Base currency","Waluta podstawowa"
"Bcc","Ukryta kopia"
"Bestsellers","Bestsellery"
"Billing Address","Adres rozliczeniowy"
"Billing Address: ","Adres rozliczeniowy: "
"Billing Agreement","Umowa rozliczeniowa"
"Billing Agreements","Umowy rozliczeniowe"
"Block Information","Informacje o bloku"
"Both (without and with tax)","Oba (z podatkiem i bez)"
"Both IPN and PDT","Oba IPN i PDT"
"Browse Files...","Przeglądaj pliki..."
"Bundle with dynamic pricing cannot include custom defined options. Options will not be saved.","Pakiety z dynamicznymi cenami nie mogą zawierać niestandardowych opcji do zdefiniowania. Opcje nie zostaną zapisane."
"CMS","CMS"
"CRITICAL","krytyczne"
"CSV","CSV"
"CSV / Tab separated","CSV / rozdzielone tabulatorem"
"Cache Control","Kontrola cache"
"Cache Control (beta)","Kontrola cache (beta)"
"Cache Management","Zarządzanie cache"
"Cache Type","Typy cache"
"Cancel","Anuluj"
"Cannot add new comment.","Nie można dodać nowego komentarza."
"Cannot add tracking number.","Nie można dodać numeru przesyłki."
"Cannot create an invoice without products.","Nie można utworzyć faktury bez produktów."
"Cannot create credit memo for the order.","Nie można utworzyć faktury korygującej dla tego zamówienia."
"Cannot delete the design change.","Nie można usunąć zmiany wyglądu."
"Cannot delete tracking number.","Nie można dodać numeru dostawy."
"Cannot do shipment for the order separately from invoice.","Nie można utworzyć dostawy dla zamówienia oddzielnie od faktury."
"Cannot do shipment for the order.","Nie można utworzyć dostawy dla zamówienia."
"Cannot initialize shipment for adding tracking number.","Nie można uruchomić dostawy dla dodania numeru dostawy."
"Cannot initialize shipment for delete tracking number.","Nie można uruchomić dostawy dla usunięcia numeru dostawy."
"Cannot load track with retrieving identifier.","Nie można wczytać trasy dla otrzymanego identyfikatora."
"Cannot retrieve tracking number detail.","Nie można porać szczegółów numeru dostawy."
"Cannot save shipment.","Nie można zapisać dostawy."
"Cannot save the credit memo.","Nie udało się zapisać faktury korygującej."
"Cannot send shipment information.","Nie można wysłać informacji o dostawie."
"Cannot update item quantity.","Nie można zaktualizować ilości produktów."
"Cannot update the item\'s quantity.","Nie można zaktualizować ilości produktów."
"Card Verification Number","Numer weryfikacyjny karty"
"Catalog","Katalog"
"Catalog Price Rules","Reguły cenowe katalogu"
"Catalog Rewrites","Przekierowania katalogu"
"Categories","Kategorie"
"Category","Kategoria"
"Category:","Kategoria:"
"Chart is disabled. If you want to enable chart, click <a href=""%s"">here</a>.","Wykres jest wyłączony. Jeśli chcesz go włączyć, przejdź <a href=""%s"">tutaj</a>. "
"Checkbox","Pole do zaznaczenia"
"Child Transactions","Podrzędne transakcje"
"Choose Store View:","Wybierz widok sklepu:"
"Choose an attribute","Wybierz cechę"
"Chosen category does not associated with any website, so url rewrite is not possible.","Wybrana kategoria nie jest powiązana z żadną witryną, więc przekierowanie URL jest niemożliwe."
"Chosen product does not associated with any website, so url rewrite is not possible.","Wybrany produkt nie jest powiązany z żadną witryną, więc przekierowanie URL jest niemożliwe."
"Clear","Wyczyść"
"Close","Zamknij"
"Code","Kod"
"Comment text field cannot be empty.","Pole komentarza nie może być puste."
"Complete","Zakończone"
"Config form fieldset clone model required to be able to clone fields","Klon zestawu pół formularza konfiguracyjnego jest wymagany do konowania pól"
"Configuration","Konfiguracja"
"Confirm New Password","Potwierdź nowe hasło"
"Confirm token authorization Pop Up for admin","Pop up z potwierdzeniem tokena autoryzacyjnego dla admina"
"Confirm token authorization for admin","Potwierdź token autoryzacyjny dla admina"
"Confirmation Of Authorization","Potwierdzenie autoryzacji"
"Confirmed email:","Potwierdzony e-mail:"
"Connect with the Magento Community","Przyłącz się do <a href=”http://yento.pl”>społeczności Magento</a>"
"Continue","Kontynuuj"
"Convert to Plain Text","Konwertuj na tekst niesformatowany"
"Cookie (unsafe)","Ciasteczko (niezabezpieczone)"
"Country","Kraj"
"Country:","Kraj:"
"Coupons","Kupony"
"Create","Utwórz"
"Create DB Backup","Utwórz kopię bazy danych"
"Create New Attribute","Utwórz nową cechę"
"Create URL Rewrite:","Utwórz przekierowanie URL"
"Created At","Utworzono"
"Credit Card %s","Karta kredytowa %s"
"Credit Card Number","Numer karty kredytowej"
"Credit Card Number: xxxx-%s","Numer karty kredytowej: xxxx-%s"
"Credit Card Type","Typ karty kredytowej"
"Credit Card Type: %s","Typ karty kredytowej: %s"
"Credit Memo History","Historia faktur korygujących"
"Credit Memo Totals","Suma faktur korygujących"
"Credit Memos","Faktury korygujące"
"Credit memo #%s comment added","Komentarz do faktury korygującej nr %s został dodany"
"Credit memo #%s created","Faktura korygująca nr %s został utworzona"
"Credit memo\'s total must be positive.","Wartość faktury korygującej musi być dodatnia."
"Currency","Waluta"
"Currency ""%s"" is used as %s in %s.","Waluta ""%s"" jest użyta jako %s w %s."
"Currency Information","Informacje o walutach"
"Currency Setup Section","Sekcja ustawień waluty"
"Current Configuration Scope:","Zasięg obecnej konfiguracji:"
"Current Month","Bieżący miesiąc"
"Custom","Niestandardowe"
"Custom Variable ""%s""","Własna zmienna ""%s"""
"Custom Variables","Własne zmienne"
"Customer","Klient"
"Customer Group:","Grupa klienta:"
"Customer Groups","Grupy klientów"
"Customer Name","Nazwa klienta"
"Customer Reviews","Recenzje klientów"
"Customer Shopping Carts","Koszyki klienta"
"Customer Since:","Klient od:"
"Customer Tax Classes","Klasy podatku klienta"
"Customer with the same email already exists.","Klient o takim samym adresie e-mail już istnieje."
"Customers","Klienci"
"Customers by Number of Orders","Klienci wg liczby zamówień"
"Customers by Orders Total","Klienci wg sumy zamówień"
"DHTML Date/Time Selector","Dynamiczny selektor daty/czasu"
"Dashboard","Panel"
"Data Format","Format danych"
"Data transfer:","Transfer danych:"
"Database","Baza danych"
"Dataflow - Advanced Profiles","Dataflow - zaawansowane profile"
"Dataflow - Profiles","Dataflow - profile"
"Date","Data"
"Date & Time","Data i czas"
"Date Added","Data dodania"
"Date Updated","Data aktualizacji"
"Date selection:","Wybór daty:"
"Date selector","Selektor daty"
"Day","Dzień"
"Decimal separator:","Separator dziesiętny:"
"Default (Admin) Values","Domyślne wartości (Admin)"
"Default Billing Address","Podstawowy adres rozliczeniowy"
"Default Config","Domyślna konfiguracja"
"Default Template from Locale","Domyślny szablon z języka"
"Default Values","Wartości domyślne"
"Default display currency ""%s"" is not available in allowed currencies.","Domyślnie wyświetlana waluta ""%s""  nie jest na liście dozwolonych walut."
"Default scope","Domyślny zakres"
"Delete","Usuń"
"Delete %s","Usuń %s"
"Delete %s '%s'","Usuń %s '%s'"
"Delete File","Usuń plik"
"Delete Image","Usuń obraz"
"Delete Profile","Usuń profil"
"Delete Role","Skasuj rolę"
"Delete Store","Usuń sklep"
"Delete Store View","Usuń widok sklepu"
"Delete Template","Usuń szablon"
"Delete User","Usuń użytkownika"
"Delete Website","Usuń witrynę"
"Description","Opis"
"Design","Wygląd"
"Design Section","Sekcja wyglądu"
"Details","Szczegóły"
"Developer Section","Sekcja programisty"
"Direction:","Kierunek:"
"Disable","Wyłącz"
"Disabled","Wyłączone"
"Display %s first","Wyświetl %s jako pierwszy"
"Display default currency","Wyświetlaj domyślną walutę"
"Display Mode","Tryb Wyświetlania"
"Display Settings","Ustawienia wyświetlania"
"Distributed under GNU LGPL. See %s for details.","Rozpowszechniane na warunkach licencji GNU LGPL. Zobacz %s, aby dowiedzieć się więcej."
"Do you really want to KILL parallel process and start new indexing process?","Czy naprawdę chcesz ZATRZYMAĆ równoległy proces i rozpocząć nowy proces indeksowania?"
"Do you really want to proceed?","Czy na pewno chcesz kontynuować?"
"Download","Pobierz"
"Downloads","Pobrania"
"Drag to move","Przeciągnij, aby przesunąć"
"Drop-down","Rozwijane"
"Edit","Edytuj"
"Edit Design Change","Edycja zmiany wyglądu"
"Edit Email Template","Edycja szablonu e-mail"
"Edit Order","Edycja zamówienia"
"Edit Poll","Edycja ankiety"
"Edit Queue","Edycja kolejki"
"Edit Review","Edycja recenzji"
"Edit Role","Edycja roli"
"Edit Store View","Edycja widoku sklepu"
"Edit System Template","Edycja szablonu systemowego"
"Edit Template","Edycja szablonu"
"Edit URL Rewrite","Edycja przekierowań URL"
"Edit User","Edycja użytkownika"
"Edit User '%s'","Edytuj użytkownika '%s'"
"Edit Website","Edytuj witrynę"
"Email","E-mail"
"Email Address:","Adres e-mail:"
"Email Preview","Podgląd e-mail"
"Email to a Friend","Wyślij znajomemu"
"Email:","E-mail:"
"Enable","Włącz"
"Enabled","Włączone"
"Enclose Values In:","Zawrzyj wartości w:"
"Entity Attributes","Cechy jednostki"
"Entity Type","Typ jednostki"
"Entity type:","Typ jednostki:"
"Error","Błąd"
"Excel XML","Excel XML"
"Excl. Tax","Bez podatku"
"Exclude media folder from backup","Wyłącz katalog mediów z kopii zapasowej"
"Expiration Date","Data ważności"
"Expiration Date: %s/%s","Data ważności: %s/%s"
"Export","Eksport"
"Export CSV","Eksport CSV"
"Export Filters","Filtry eksportu"
"Export to:","Eksportuj do:"
"Export:","Eksport:"
"FTP Host","Host FTP"
"FTP Host[:Port]","Host FTP[:Port]"
"FTP Login","Login FTP"
"FTP Password","Hasło FTP"
"FTP credentials","Dane FTP"
"Failed","Nieudane"
"Failed to add a product to cart by id ""%s"".","Nie powiodło się dodawanie produktu do koszyka przy użyciu id ""%s""."
"Failed to cancel the billing agreement.","Nie udało się anulować umowy rozliczeniowej."
"Failed to clear the JavaScript/CSS cache.","Nie udało się wyczyścić cache JavaScript/CSS."
"Failed to delete the billing agreement.","Nie udało się anulować umowy rozliczeniowej."
"Failed to update the profile.","Nie udało się zaktualizować profilu."
"Field","Pole"
"Field Mapping","Mapowanie pól"
"File","Plik"
"File Information","Informacje o pliku"
"File System","System plików"
"File mode","Tryb plików"
"File name:","Nazwa pliku:"
"File size should be more than 0 bytes","Plik powinien być większy niż 0 bajtów"
"Finished profile execution.","Zakończono wykonywanie profilu."
"First Invoice Created Date","Data wystawienia pierwszej faktury"
"First Name","Imię"
"First Name is required field.","Imię jest polem wymaganym."
"First Name:","Imię:"
"Fixed","Stały"
"Flush Catalog Images Cache","Opróżnij cache obrazków katalogu"
"Flush JavaScript/CSS Cache","Opróżnij cache JavaScript/CSS"
"For category","Dla kategorii"
"For latest version visit: %s","Aby uzyskać najnowszą wersję odwiedź: %s"
"For product","Dla produktu"
"Forgot Admin Password","Zapomniane hasłe admina"
"Forgot your password?","Nie pamiętasz hasła?"
"Forgot your user name or password?","Nie pamiętasz nazwy użytkownika lub hasła?"
"From","Od"
"GLOBAL","GLOBALNY"
"Gb","Gb"
"General Information","Informacje ogólne"
"General Section","Sekcja ogólna"
"Get Image Base64","Pobierz Base64 obrazka"
"Get help for this page","Uzyskaj pomoc dla tej strony"
"Give the verifier code to application administrator","Przekaż kod weryfikacyjny do administratora apliakcji"
"Global Attribute","Cecha globalna"
"Global Record Search","Globalne wyszukiwanie rekordów"
"Global Search","Globalne wyszukiwanie"
"Go Today","Idź do dzisiaj"
"Go to messages inbox","Przejdź do skrzynki wiadomości"
"Go to notifications","Przejdź do powiadomień"
"Google Base","Google Base"
"Google Content","Google Content"
"Google Sitemaps","Mapy witryn Google"
"Grand Total","Łącznie"
"Grid (default) / List","Siatka (domyślnie) / lista"
"Grid Only","Tylko siatka"
"Group:","Grupa:"
"Guest","Gość"
"HTTP (unsecure)","HTTP (nieszyfrowany)"
"HTTPS (SSL)","HTTPS (SSL)"
"Help Us Keep Magento Healthy - Report All Bugs","Pomóż nam w rozwoju Magento – Zgłaszaj wszystkie problemy"
"Helper attributes should not be used in custom layout updates.","Cechy helperów nie powinny być użyte we własnych aktualizacjach układu."
"Helper for options rendering doesn't implement required interface.","Helper dla renderowania opcji nie ma odpowiedniego interfejsu."
"Home","Strona główna"
"ID","ID"
"ID Path","Ścieżka ID"
"IP Address","Adres IP"
"IPN (Instant Payment Notification) Only","Tylko IPN (Instant Payment Notification) "
"Id","ID"
"If there is an account associated with %s you will receive an email with a link to reset your password.","Jeśli istnieje konto powiązane z %s otrzymasz e-mail z linkiem do resetowania hasła."
"If this message persists, please contact the store owner.","Jeśli ta wiadomość pojawia się ciągle, proszę o kontakt z właścicielem sklepu."
"If you do not specify an option value for a specific store view then the default (Admin) value will be used.","Jeśli nie określisz wartości opcji dla wybranego widoku sklepu to użyta zostanie domyślna wartość (Admin)."
"Images (.gif, .jpg, .png)","Obrazki (.gif, .jpg, .png)"
"Images Cache","Cache obrazków"
"Import","Importuj"
"Import Service","Usługa importu"
"Import and Export","Import i eksport"
"Import and Export Tax Rates","Importuj i eksportuj stawki podatków"
"Import/Export","Import/eksport"
"Import/Export Advanced","Zaawansowany import/eksport"
"Import/Export Profile","Profil importu/eksportu"
"Important: ","Ważne: "
"Imported <strong>%s</strong> records","Zaimportowano <strong>%s</strong> wpisy(ów)"
"In","W"
"In Database:","W bazie danych:"
"In File:","W pliku:"
"Inactive","Nieaktywny"
"Include in Navigation Menu","Widoczność w Menu"
"Incl. Tax","Z podatkiem"
"Incoming Message","Przychodząca wiadomość"
"Insert Variable...","Wstaw zmienną..."
"Interactive","Interaktywny"
"Interface Locale: %s","Język interfejsu: %s"
"Invalid Form Key. Please refresh the page.","Nieprawidłowy klucz formularza. Proszę odświeżyć stronę."
"Invalid Import Service Specified","Nieprawidłowa usługa importu"
"Invalid POST data (please check post_max_size and upload_max_filesize settings in your php.ini file).","Nieprawidłowe dane POST (proszę sprawdzić ustawienia post_max_size i upload_max_filesize w pliku php.ini)."
"Invalid Secret Key. Please refresh the page.","Nieprawidłowy sekretny klucz. Proszę odświeżyć stronę."
"Invalid User Name or Password.","Nieprawidłowa nazwa użytkownika lub hasło."
"Invalid directory: %s","Nieprawidłowy katalog: %s"
"Invalid email address ""%s"".","Niepoprawny adres e-mail "%s"."
"Invalid email address.","Niepoprawny adres e-mail."
"Invalid file: %s","Nieprawidłowy plik: %s"
"Invalid input data for %s => %s rate","Nieprawidłowy wpis dla stawki %s => %s"
"Invalid parent block for this block","Nieprawidłowy blok nadrzędny dla tego bloku"
"Invalid parent block for this block.","Nieprawidłowy blok nadrzędny dla tego bloku."
"Invalid password reset token.","Nieprawidłowy token resetowania hasła."
"Invalid sender name ""%s"". Please use only visible characters and spaces.","Nieprawidłowa nazwa nadawcy "%s". Proszę używać tylko widocznych znaków i spacji."
"Invalid timezone","Nieprawidłowa strefa czasowa"
"Invalidated","Unieważniony"
"Inventory Stock Status","Status stanu magazynowego"
"Invoice #%s comment added","Komentarz do faktury nr %s został dodany"
"Invoice #%s created","Faktura nr %s została utworzona"
"Invoice History","Historia faktur"
"Invoice Totals","Suma faktur"
"Invoice canceling error.","Błąd anulowania faktury."
"Invoice capturing error.","Błąd przechwytywania faktury."
"Invoice voiding error.","Błąd unieważniania faktury."
"Invoices","Faktury"
"Is Active","Czy włączona"
"Is Closed","Jest zamknięty"
"Is Default","Jest domyślny"
"Issue Number","Numer wydania"
"Items","Elementy"
"JavaScript seems to be disabled in your browser.","Wygląda na to, że JavaScript jest wyłączony w twojej przeglądarce."
"JavaScript/CSS","JavaScript/CSS"
"JavaScript/CSS Cache","Cache JavaScript/CSS"
"Kb","Kb"
"Last 24 Hours","Ostatnie 24 godziny"
"Last 5 Orders","Ostatnie 5 zamówień"
"Last 5 Search Terms","Ostatnie 5 wyszukiwanych fraz"
"Last 7 Days","Ostatnie 7 dni"
"Last Credit Memo Created Date","Data utworzenie ostatniej faktury korygującej"
"Last Invoice Created Date","Data utworzenie ostatniej faktury"
"Last Logged In (%s):","Ostatnio zalogowano (%s):"
"Last Logged In:","Ostatnio zalogowano:"
"Last Name","Nazwisko"
"Last Name is required field.","Nazwisko jest polem wymaganym."
"Last Name:","Nazwisko:"
"Last updated: %s. To refresh last day\'s <a href=""%s"">statistics</a>, click <a href=""%s"">here</a>.","Ostania aktualizacja: %s. W celu odświerzenia <a href=""%s"">statystyk</a> ostanietgo dnia, kliknij <a href=""%s"">tutaj</a>."
"Latest Message:","Ostatnia wiadomość:"
"Layered Navigation Indices","Wskaźniki warstwowej nawigacji"
"Layered Navigation Indices were refreshed.","Wskaźniki nawigacji warstwowej zostały odświerzone."
"Leave empty to use tax identifier","Pozostaw puste, aby użyć identyfikator podatku"
"Lifetime Sales","Całkowita sprzedaż"
"Lifetime statistics have been updated.","Całkowite statystyki zostały uaktualnione."
"Links","Linki"
"Links with associated products will retain only after saving current product.","Linki z powiązanymi produktami pozostaną tylko, jeśli zapiszesz aktualny produkt."
"List (default) / Grid","Lista (domyślna) / siatka"
"List Only","Tylko lista"
"Load Template","Załaduj szablon"
"Load default template","Załaduj domyślny szablon"
"Loading...","Ładuję..."
"Local Server","Serwer lokalny"
"Local/Remote Server","Lokalny/zdalny serwer"
"Locale","Kod języka"
"Log In","Zaloguj"
"Log Out","Wyloguj"
"Log in to Admin Panel","Zaloguj się do Panelu Administracyjnego"
"Log in to use <strong>%s</strong>","Zaloguj się, aby użyć <strong>%s</strong>"
"Log into Magento Admin Page","Zaloguj się do Panelu Administracyjnego Magento"
"Logged in as %s","Zalogowano jako %s"
"Login","Logowanie"
"Low Stock","Mało produktów"
"MAJOR","WAŻNE"
"MINOR","DROBNE"
"MS Excel XML","MS Excel XML"
"Magento Admin","Administrator Magento"
"Magento Commerce - Administrative Panel","Magento Commerce - Panel administracyjny"
"Magento Connect","Magento Connect"
"Magento Connect Manager","Zarządzanie Magento Connect"
"Magento Logo","Logo Magento"
"Magento is a trademark of Magento Inc. Copyright &copy; %s Magento Inc.","Magento jest zastrzeżonym znakiem Magento Inc. Copyright &copy; %s Magento Inc."
"Magento root directory","Katalog źródłowy Magento"
"Magento ver. %s","Magento wer. %s"
"Magento&trade; is a trademark of Magento Inc.<br/>Copyright &copy; %s Magento Inc.","Magento jest zastrzeżonym znakiem Magento Inc.<br/>Copyright &copy; %s Magento Inc."
"Make sure that data encoding in the file is consistent and saved in one of supported encodings (UTF-8 or ANSI).","Upewnij się, że kodowanie znaków w pliku jest spójne i zapisane w jednym z wspieranych formatów (UTF-8 lub ANSI)."
"Manage Attribute Sets","Zarządzaj zestawami cech"
"Manage Attributes","Zarządzaj cechami"
"Manage Categories","Zarządzanie kategoriami"
"Manage Content","Zarządzaj treścią"
"Manage Currency Rates","Zarządzaj kursami walut"
"Manage Currency Symbols","Zarządzaj symbolami walut"
"Manage Customers","Zarządzaj klientami"
"Manage Options (values of your attribute)","Zarządzaj opcjami (wartościami cechy)"
"Manage Ratings","Zarządzaj ocenami"
"Manage Stores","Zarządzaj sklepami"
"Manage Tax Rules","Zarządzaj regułami podatków"
"Manage Tax Zones and Rates","Zarządzaj strefami i stawkami podatków"
"Manage Titles (Size, Color, etc.)","Zarządzaj tytułami (rozmiar, kolor itp.)"
"Manual","Ręcznie"
"Matched Expression","Pasujące wyrażenie"
"Maximum sender name length is 255. Please correct your settings.","Maksymalna długość nazwy nadawcy to 255. Proszę poprawić ustawienia."
"Mb","Mb"
"Media (.avi, .flv, .swf)","Media (.avi, .flv, .swf)"
"Media storages synchronization has completed!","Synchronizacja składowania mediów została zakończona!"
"Messages Inbox","Skrzynka odbiorcza"
"Month","Miesiąc"
"Most Viewed","Najczęściej oglądane"
"Most Viewed Products","Najczęściej oglądane produkty"
"Multiple Select","Wiielokrotny wybór"
"My Account","Moje konto"
"My Applications","Moje aplikacje"
"N/A","N/D"
"NOTICE","INFORMACJA"
"Name","Nazwa"
"Name on Card","Nazwisko na karcie"
"Name on the Card: %s","Nazwisko na karcie: %s"
"Name:","Imię:"
"Never (production)","Nigdy (produkcja)"
"New ","Nowy "
"New API Key","Nowy klucz API"
"New Accounts","Nowe konta"
"New Attribute","Nowa cecha"
"New Block","Nowy blok"
"New Category","Nowa kategoria"
"New Class","Nowa klasa"
"New Condition","Nowy warunek"
"New Custom Variable","Nowa własna zmienna"
"New Customer","Nowy klient"
"New Customers","Nowi klienci"
"New Design Change","Nowa zmiana wyglądu"
"New Email Template","Nowy szablon e-mail"
"New Group","Nowa grupa"
"New Invoice","Nowa faktura"
"New Item Type","Nowy typ elementu"
"New Memo","Nowa faktura korygująca"
"New Memo for #%s","Nowa faktura korygująca dla nr %s"
"New Page","Nowa strona"
"New Password","Nowe hasło"
"New Poll","Nowa ankieta"
"New Profile","Nowy profil"
"New Rate","Nowa stawka"
"New Rating","Nowa ocena"
"New Review","Nowa recenzja"
"New Role","Nowa rola"
"New Rule","Nowa reguła"
"New Search","Nowe wyszukiwanie"
"New Set","Nowy zestaw"
"New Shipment","Nowa dostawa"
"New Sitemap","Nowa mapa witryny"
"New Store View","Nowy widok sklepu"
"New System Template","Nowy szablon systemowy"
"New Tag","Nowy tag"
"New Template","Nowy szablon"
"New User","Nowy użytkownik"
"New Variable","Nowa zmienna"
"New Website","Nowa witryna"
"New attribute set mapping","Nowe mapowanie zestawu cech"
"New password field cannot be empty.","Pole nowego hasła nie może być puste."
"Newsletter","Newsletter"
"Newsletter Problems","Problemy newslettera"
"Newsletter Queue","Kolejka newslettera"
"Newsletter Subscribers","Subskrybenci newslettera"
"Newsletter Templates","Szablony newslettera"
"Next month (hold for menu)","Następny miesiąc (przytrzymaj dla menu)"
"Next year (hold for menu)","Następny rok (przytrzymaj dla menu)"
"No","Nie"
"No (price without tax)","Nie (cena bez podatku)"
"No Data","Brak danych"
"No Data Found","Nie znaleziono danych"
"No Templates Found","Nie znaleziono szablonów"
"No change","Bez zmian"
"No customer id defined.","Nie zdefiniowano ID klienta."
"No information available.","Informacja nie jest dostępna."
"No profile loaded...","Żaden profil nie jest załadowany..."
"No records found for this period.","Nie znaleziono wpisów dla tego okresu."
"No records found.","Nie znaleziono wpisów."
"No report code specified.","Nie wybrano kodu raportu."
"No search keywords.","Brak słów kluczowych wyszukiwania."
"No search modules were registered","Brak zarejestrowanych modułów wyszukiwania"
"No wishlist item id defined.","Nie zdefiniowano ID elementu schowka."
"None","Brak"
"Note:","Notatka:"
"Notes","Notatki"
"Notifications","Powiadomienia"
"Number of Orders","Liczba zamówień"
"Number of Uses","Ilość zastosowań"
"Number of Views","Ilość wyświetleń"
"Number of records:","Liczba rekordów:"
"OAuth Consumers","Klienci OAuth"
"OAuth authorization for admin","Autoryzacja OAuth dla admina"
"OAuth authorization simple for admin","Prosta autoryzacja OAuth dla admina"
"OK","OK"
"Old rate:","Stara stawka:"
"Once you log into your PayPal Advanced account, navigate to the Service Settings - Hosted Checkout Pages - Set Up menu and set the options described below","Kiedy zalogujesz się do swojego konta Zaawansowanego PayPal, przejdź do zakładki Ustawienia usługi - Hosted Checkout Pages - Menu ustawień i ustaw opcje opisane poniżej"
"Once you log into your PayPal Payflow Link account, navigate to the Service Settings - Hosted Checkout Pages - Set Up menu and set the options described below","Kiedy już zalogujesz się do konta PayPal Payflow Link, przejdź do Ustawień usługi - Hosted Checkout Pages - Menu ustawień i ustaw opcje opisane poniżej"
"One or more media files failed to be synchronized during the media storages syncronization process. Refer to the log file for details.","Jeden lub więcj plików mediów nie zsynchronizował się podczas procesu synchronizacji skłądowania mediów. Sprawdź log po więcej szczegółów."
"One or more of the Cache Types are invalidated:","Jeden lub więcej typów cache jest nieaktualnych:"
"Online Customers","Klienci online"
"Only Once (version upgrade)","Tylko raz (aktualizacja wersji)"
"Only attributes with scope ""Global"", input type ""Dropdown"" and Use To Create Configurable Product ""Yes"" are available.","Tylko atrybuty z zasięgiem "Globalny", polem typu "Lista rozwijana" i cechą "Użyj to stworzenia produktu konfigurowalnego" ustawioną na "Tak" są dostępne."
"Only mapped fields","Tylko mapowane pola"
"Optional","Opcjonalnie"
"Options","Opcje"
"Options is required","Opcje są wymagane"
"Order","Zamówienie"
"Order #%s","Zamówienie nr %s"
"Order #%s (%s)","Zamówienie nr %s (%s)"
"Order Created Date","Data utworzenia zamówienia"
"Order ID","ID zamówienia"
"Order Totals","Sumy zamówień"
"Order Updated Date","Data aktualizacji zamówienia"
"Order Updated Date report is real-time, does not need statistics refreshing.","Raport dat aktualizacji zamówień jest generowany w czasie rzeczywistym, nie wymaga odświerzenia statystyk."
"Orders","Zamówienia"
"Original Magento attribute names in first row:","Oryginalne nazwy atrybutów Magento w pierwszym rzędzie:"
"Out of stock","Brak w magazynie"
"PDT (Payment Data Transfer) Only","Tylko PDT (Payment Data Transfer)"
"Package Extensions","Spakuj moduły"
"Pages","Strony"
"Parent Product Thumbnail","Miniaturka nadrzędnego produktu"
"Parent Transaction ID","ID nadrzędnej transakcji"
"Passive mode","Tryb pasywny"
"Password","Hasło"
"Password Confirmation","Potwierdzenie hasła"
"Password confirmation must be same as password.","Potwierdzenei hasła musi być identyczne z hasłem."
"Password must be at least of %d characters.","Hasło musi mieć co najmniej %d znaków."
"Password must include both numeric and alphabetic characters.","Hasło musi zawierać zarówno znaki numeryczne jak i alfabetu."
"Password:","Hasło:"
"Path:","Ścieżka:"
"Payment method instance is not available.","Instancja metody płatności nie jest dostępna."
"Payment method is not available.","Metoda płatności nie jest dostępna."
"Payment method must be specified.","Sposób płatności musi być określony."
"Pending Reviews","Oczekujące recenzje"
"Pending Tags","Oczekujące tagi"
"Per Item","Za sztukę"
"Per Order","Na zamówienie"
"Percent","Procent"
"Performed At","Wykonano"
"Period","Okres"
"Permanent (301)","Stałe (301)"
"Permissions","Uprawnienia"
"Personal Information","Dane osobiste"
"Phone:","Telefon:"
"Please Select","Proszę wybrać"
"Please confirm site switching. All data that hasn\'t been saved will be lost.","Potwierdź proszę przełączenie strony. Wszystkie niezapisane dane zostaną utracone."
"Please enter 6 or more characters.","Proszę o wprowadzenie 6 lub więcej znaków."
"Please enter a number greater than 0 in this field.","Proszę o podanie numeru większego od 0 w tym polu."
"Please enter a valid $ amount. For example $100.00.","Proszę o wprowadzenie poprawnej kwoty w $. Na przykład $100.00."
"Please enter a valid URL. For example http://www.example.com or www.example.com","Proszę o wprowadzenie poprawnego URL. Dla przykładu: http://www.strona.pl lub www.strona.pl"
"Please enter a valid URL. http:// is required","Proszę o wprowadzenie poprawnego URL. http:// jest wymagane"
"Please enter a valid credit card number.","Proszę o wprowadzenie poprawnego numeru karty kredytowej."
"Please enter a valid date.","Proszę o wprowadzenie poprawnej daty."
"Please enter a valid email address. For example johndoe@domain.com.","Proszę o wprowadzenie poprawnego adresu e-mail. Dla przykładu: jankowalski@domena.pl."
"Please enter a valid email.","Proszę wpisać poprawny adres e-mail."
"Please enter a valid number in this field.","Proszę o wprowadzenie poprawnego numeru w tym polu."
"Please enter a valid phone number. For example (123) 456-7890 or 123-456-7890.","Proszę o wprowadzenie poprawnego numeru telefonu. Dla przykładu: (012) 345 67 89 lub 012 345 6789."
"Please enter a valid social security number. For example 123-45-6789.","Proszę o wprowadzenie poprawnego numeru ubezpieczenia społecznego. Dla przykładu: 123-45-6789."
"Please enter a valid value from list","Proszę o wprowadzenie poprawnej wartości z listy"
"Please enter a valid value, ex: 10,20,30","Proszę o wprowadzenie poprawnej wartości np. 10,20,30"
"Please enter a valid zip code.","Proszę o wprowadzenie poprawnego kodu pocztowego."
"Please enter a valid zip code. For example 90602 or 90602-1234.","Proszę o wprowadzenie poprawnego kodu pocztowego. Dla przykładu: 90602 lub 90-602."
"Please enter another credit card number to complete your purchase.","Proszę o wprowadzenie poprawnego numeru karty kredytowej, aby zakończyć zakup."
"Please enter password","Proszę o wprowadzenie hasła"
"Please enter password to confirm rollback.","Proszę o wprowadzenie hasła do potwierdzania przywracania."
"Please enter valid password.","Proszę o wprowadzenie poprawnego hasła."
"Please make sure that all global admin search modules are installed and activated.","Upewnij się, że wszystkie globalne moduły wyszukiwania są zainstalowane i aktywowane."
"Please make sure that your changes were saved before running the profile.","Upewnij się, że zapisano wszystkie zmiany profilu przed jego uruchomieniem."
"Please make sure your passwords match.","Proszę upewnić się, że hasła psują do siebie."
"Please select State/Province.","Proszę o wybór regionu."
"Please select a customer.","Proszę wybrać klienta."
"Please select a store.","Proszę wybrać sklep."
"Please select an option.","Proszę o wybranie opcji."
"Please select catalog searches.","Proszę wybrać wyszukiwanie katalogu."
"Please select customer(s).","Proszę wybrać klienta(ów)."
"Please select message(s).","Proszę wybrać wiadomość(i)."
"Please select one of the above options.","Proszę o wybór jednej z powyższych opcji."
"Please select one of the options.","Proszę o wybór jednej z opcji."
"Please select review(s).","Proszę wybrać recenzje."
"Please select tag(s).","Proszę wybrać tag(i)."
"Please specify backup creation options","Proszę określić opcje tworzenia kopii zapasowej"
"Please specify the admin custom URL.","Proszę podać indywidualny URL admina."
"Please try to logout and sign in again.","Proszę spróbować wylogować się i zalogować ponownie."
"Please type the letters from the image:","Proszę wpisać litery z obrazka:"
"Please use in this field only ""a-z,0-9,_"".","Użyj tylko następujących znaków ""a-z,0-9,_""."
"Please use letters only (a-z) in this field.","Proszę o używanie jedynie liter (a-z) w tym polu."
"Please use numbers only in this field. Please avoid spaces or other characters such as dots or commas.","Proszę o używanie tylko liczb w tym polu. Proszę o unikanie spacji, przecinków lub kropek."
"Please use only letters (a-z or A-Z), numbers (0-9) or spaces in this field.","Proszę o używanie jedynie liter (a-z lub A-Z), cyfr (0-9) lub spacji i # w tym polu."
"Please use only letters (a-z) or numbers (0-9) only in this field. No spaces or other characters are allowed.","Proszę o używanie jedynie liter (a-z or A-Z) lub cyfr (0-9) w tym polu. Spacje i inne znaki nie są dozwolone."
"Please use only letters (a-z) or numbers (0-9) or spaces and # only in this field.","Proszę o używanie jedynie liter (a-z or A-Z), cyfr (0-9) lub spacji i # w tym polu."
"Please use this date format: dd/mm/yyyy. For example 17/03/2006 for the 17th of March, 2006.","Proszę o użycie następującego formatu daty: dd/mm/rrrr. Dla przykładu: 17/03/2006."
"Please wait while the indexes are being refreshed.","Proszę czekać aż odświerzą się indeksy."
"Please wait, loading...","Proszę czekać, trwa ładowanie..."
"Please wait...","Proszę czekać..."
"Please, add some answers to this poll first.","Proszę dodać najpierw jakieś odpowiedzi do tej ankiety."
"Please, select ""Visible in Stores"" for this poll first.","Proszę wybrać najpierw widocznosć w sklepach dla tej ankiety."
"Poll Manager","Zarządzanie ankietami"
"Polls","Ankiety"
"Popular","Popularne"
"Position","Pozycja"
"Position of Watermark for %s","Pozycja znaku wodnego dla %s"
"Pregenerated product images files.","Wygenerowane pliki obrazków produktu."
"Prev. month (hold for menu)","Poprzedni miesiąc (przytrzymaj dla menu)"
"Prev. year (hold for menu)","Poprzedni rok (przytrzymaj dla menu)"
"Preview","Podgląd"
"Preview Template","Podgląd szablonu"
"Price","Cena"
"Price alert subscription was saved.","Subskrypcja powiadomienia o cenach została zapisana."
"Price:","Cena:"
"Processed <strong>%s%% %s/%d</strong> records","Przetworzono <strong>%s%% %s/%d</strong> rekordów)"
"Product","Produkt"
"Product Name","Nazwa produktu"
"Product Reviews","Recenzje produktu"
"Product Tax Classes","Klasy podatku produktu"
"Product Thumbnail Itself","Miniaturka produktu"
"Product is not loaded.","Produkt nie jest załadowany."
"Product:","Produkt:"
"Products","Produkty"
"Products Bestsellers Report","Raport bestsellerów"
"Products Most Viewed Report","Raport najczęściej oglądanych produktów"
"Products Ordered","Zamówieone produkty"
"Products in Carts","Produkty w koszyku"
"Profile Action","Operacja profilu"
"Profile Actions XML","XML operacji profilu"
"Profile Direction","Kierunek profilu"
"Profile History","Historia profilu"
"Profile Information","Informacje o profilu"
"Profile Name","Nazwa profilu"
"Profile Payments","Płatności profilu"
"Profile Schedule","Plan profilu"
"Profile Wizard","Kreator profilu"
"Profiles","Profile"
"Promo","Promocja"
"Promotions","Promocje"
"Purchased Item","Zakupione elementy"
"Put store on the maintenance mode while backup creation","Przestaw sklep na tryb remontowy podczas tworzenia kopii bezpieczeństwa"
"Put store on the maintenance mode while rollback processing","Przestaw sklep na tryb remontowy podczas odtwarzania kopii bezpieczeństwa"
"Quantity","Ilość"
"Queue Refresh","Odśwież kolejkę"
"Queued... Cancel","Ustawiony w kolejce... Anulowanie"
"REST Roles","Role REST"
"Radio Buttons","Pola wyboru"
"Rates","Stawki"
"Read details","Przeczytaj szczegóły"
"Rebuild","Przebuduj"
"Rebuild Catalog Index","Przebuduj indeks katalogu"
"Rebuild Flat Catalog Category","Przebuduj płaski katalog kategorii"
"Rebuild Flat Catalog Product","Przebuduj płaski katalog produktów"
"Recent Orders","Ostatnie zamówienia"
"Recent statistics have been updated.","Najnowsze statystyki zostały uaktualnione."
"Recurring Profile View","Widok profilu okresowego"
"Recursive Dir","Okresowy katalog"
"Redirect","Przekierowanie"
"Reference","Referencja"
"Reference ID","ID referencji"
"Refresh","Odśwież"
"Refresh Now*","Odśwież teraz*"
"Refresh Statistics","Odśwież statystyki"
"Region/State","Region/województwo"
"Regular Price:","Normalna cena:"
"Reject","Odrzuć"
"Reject token authorization Pop Up for admin","Pop up z odrzuceniem tokena autoryzacyjnego dla admina"
"Reject token authorization for admin","Odrzuć token autoryzacyjny dla admina"
"Rejection Of Authorization","Odrzucenie autoryzacji"
"Release","Wydanie"
"Release Stability","Stabilność wydania"
"Release Version","Wersja wydania"
"Reload captcha","Przeładuj captcha"
"Remote FTP","Zdalny FTP"
"Remove","Usuń"
"Reports","Raporty"
"Request Path","Ścieżka polecenia"
"Required","Wymagane"
"Reset","Resetuj"
"Reset Filter","Resetuj filtr"
"Reset Password","Resetuj hasło"
"Reset a Password","Resetuj hasło"
"Resize","Przeskaluj"
"Resource Access","Dostęp do zasobów"
"Resources","Zasoby"
"Results","Rezultaty"
"Retrieve Password","Odzyskaj hasło"
"Return Html Version","Zwróć wersję HTML"
"Revenue","Dochód"
"Reviews","Recenzje"
"Reviews and Ratings","Recenzje i oceny"
"Rewrite Rules","Reguły przekierowań"
"Role ID","ID roli"
"Role Info","Informacje o roli"
"Role Information","Informacje o roli"
"Role Name","Nazwa roli"
"Role Resources","Zasoby roli"
"Role Users","Użytkownicy roli"
"Roles","Role"
"Roles Resources","Zasoby ról"
"Root Category","Kategoria bazowa"
"Rotate CCW","Rotuj CCW"
"Rotate CW","Rotuj CW"
"Run","Uruchom"
"Run Profile","Uruchom profil"
"Run Profile Inside This Window","Uruchom profil w tym oknie"
"Run Profile in Popup","Uruchom profil w wyskakująym okienku"
"Running... Kill","W trakcie... Przerwij"
"SKU","SKU"
"SKU:","SKU:"
"SSL Error: Invalid or self-signed certificate","Błąd SSL: Błędny lub podpisany samodzielnie certyfikat"
"Sales","Sprzedaże"
"Sales Report","Raport sprzedaży"
"Samples","Przykłady"
"Save","Zapisz"
"Save & Generate","Zapisz i generuj"
"Save Account","Zapisz konto"
"Save Cache Settings","Zapisz ustawienia cache"
"Save Config","Zapisz konfigurację"
"Save Currency Rates","Zapisz kursy walut"
"Save Profile","Zapisz profil"
"Save Role","Zapisz rolę"
"Save Template","Zapisz szablon"
"Save User","Zapisz użytkownika"
"Save and Continue Edit","Zapisz i kontynuuj edycję"
"Search","Szukaj"
"Search Index","Indeks wyszukiwania"
"Search Term","Szukana fraza"
"Search Terms","Szukane frazy"
"Select","Wybierz"
"Select All","Zaznacz wszystko"
"Select Category","Wybierz kategorię"
"Select Date","Wybierz datę"
"Select Range","Wybierz zakres"
"Select date","Wybierz datę"
"Selected allowed currency ""%s"" is not available in installed currencies.","Wybrana dozwolona waluta ""%s"" nie jest dostępna wśród zainstalowanych walut."
"Selected base currency is not available in installed currencies.","Wybrana waluta podstawowa nie jest dostępna wśród zainstalowanych walut."
"Selected default display currency is not available in allowed currencies.","Wybrana domyślnie wyświetlana waluta nie jest dostępna wśród dopuszczonych walut."
"Selected default display currency is not available in installed currencies.","Wybrana domyślnie wyświetlana waluta nie jest dostępna wśród zainstalowanych walut."
"Self-assigned roles cannot be deleted.","Samodzielnie przyznane role nie mogą być usunięte."
"Sender","Nadawca"
"Separate Email","Oddzielny e-mail"
"Shipment #%s comment added","Komentarz do dostawy nr %s został dodany"
"Shipment #%s created","Dostawa nr %s została utworzona"
"Shipment Comments","Komentarze do dostawy"
"Shipment History","Historia dostawy"
"Shipments","Dostawy"
"Shipping","Dostawa"
"Shipping Address","Adres dla dostawy"
"Shipping Address: ","Adres dla dostawy: "
"Shipping Origin","Pochodzenie dostawy"
"Shipping Price","Cena dostawy"
"Shipping address selection is not applicable","Wybór adresu dostawy jest niepoprawny"
"Shipping method must be specified.","Należy wybrać sposób dostawy."
"Shipping method selection is not applicable","Wybór metody dostawy jest niepoprawny."
"Shopping Cart","Koszyk"
"Shopping Cart Price Rules","Reguły cenowe koszyka"
"Shopping Cart from %s","Koszyk od %s"
"Show By","Pokaż wg"
"Show Report For:","Pokaż raport dla:"
"Show Reviews","Pokaż recenzje"
"Sitemap Information","Informacja mapy witryny"
"Size for %s","Rozmiar dla %s"
"Skip Category Selection","Pomiń wybór kategorii"
"Some items in this order have different invoice and shipment types. You can create shipment only after the invoice is created.","Niektóre produkty w tym zamówieniu mają różne typy faktur i metody dostawy. Możesz utworzyć dostawę dopiero po utworzeniu faktury."
"Some of the ordered items do not exist in the catalog anymore and will be removed if you try to edit the order.","Niektóre z zamówionych produktów nie istnieją już w sklepie. Produkty te zostaną usunięte jeśli spróbujesz edytować to zamówienie."
"Sorry, this feature is coming soon...","Niestety, ta funkcjonalność dopiero ma się pojawić..."
"Special Price:","Cena promocyjna:"
"Specific Countries","Wybrane kraje"
"Specified","Wybrane"
"Specified profile does not exist.","Wybrany profil nie istnieje"
"Spreadsheet Name:","Nazwa arkusza:"
"Start Date","Data rozpoczęcia"
"Starting profile execution, please wait...","Uruchomianie wykonania profilu, proszę czekać..."
"State/Province:","Województwo:"
"Static Blocks","Bloki statyczne"
"Status","Status"
"Status:","Status:"
"Stock Quantity:","Ilość w magazynie:"
"Stock notification was saved.","Powiadomienie o stanie zostało zapisane."
"Store","Sklep"
"Store Email Addresses Section","Sekcja sklepowych adresów e-mail"
"Store View","Widok sklepu"
"Store:","Sklep:"
"Stores","Sklepy"
"Subject","Temat"
"Submit","Prześlij"
"Subpackage cannot be conflicting.","Podpakiet nie może być w konflikcie."
"Subtotal","Suma częściowa"
"Switch/Solo card issue number: %s","Numer wydania karty Switch/Solo: %s"
"Switch/Solo card start Date: %s/%s","Data początkowa karty Switch/Solo: %s"
"Switch/Solo/Maestro Only","Tylko Switch/Solo/Maestro"
"Switch/Solo/Maestro(UK Domestic) Only","Tylko Switch/Solo/Maestro(lokalne UK)"
"Switch/Solo/Maestro(UK Domestic) card issue number: %s","Numer karty (Issue Number) Switch/Solo/Maestro(lokalne UK): %s"
"Switch/Solo/Maestro(UK Domestic) card start Date: %s/%s","Data początkowa Switch/Solo/Maestro(lokalne UK): %s/%s"
"Symbol","Symbol"
"Synchronization is required.","Synchronizacja jest wymagana."
"Synchronization of media storages has been successfully completed.","Synchronizacja składowania mediów została zakończona."
"Synchronize","Synchronizuj"
"Synchronizing %s to %s","Synchronizacja %s do %s"
"Synchronizing...","Synchronizacja..."
"System","System"
"System Section","Sekcja system"
"System busy","System zajęty"
"Tags","Tagi"
"Target Path","Ścieżka docelowa"
"Tax","Podatek"
"Tb","Tb"
"Template","Szablon"
"Template Content","Zawartość szablonu"
"Template Information","Informacje o szablonie"
"Template Name","Nazwa szablonu"
"Template Styles","Style szablonu"
"Template Subject","Temat szablonu"
"Template Type","Typ szablonu"
"Temporary (302)","Tymczasowe (302)"
"Terms and Conditions","Warunki składania zamówienia"
"Text","Tekst"
"The Catalog Rewrites were refreshed.","Przekierowania katalogu zostały odświeżone."
"The CatalogInventory Stock Status has been rebuilt.","Status stanów magazynowych został przebudowany."
"The Comment Text field cannot be empty.","Pole tekstowe komentarza nie może być puste."
"The Flat Catalog Product was rebuilt","Płaski katalog produktów został przebudowany"
"The JavaScript/CSS cache has been cleaned.","Cache JavaScript/CSS został wyczyszczony."
"The JavaScript/CSS cache has been cleared.","Cache JavaScript/CSS został wyczyszczony."
"The Layered Navigation indexing has been queued.","Indeksowanie nawigacji warstwowej zostało zaplanowane."
"The Layered Navigation indexing queue has been canceled.","Plan indeksowania nawigacji warstwowej został anulowany."
"The Layered Navigation indices were refreshed.","Wskaźniki nawigacji warstwowej zostały odświerzone."
"The Layered Navigation process has been queued to be killed.","Proces nawigacji warstwowej został zaplanowany do zatrzymania."
"The Magento cache storage has been flushed.","Składowanie cache Magento zostało opróżnione."
"The URL Rewrite has been deleted.","Przekierowanie URL zostało usunięte."
"The URL Rewrite has been saved.","Przekierowanie URL zostało zapisane."
"The account has been saved.","Konto zostało zapisane."
"The archive can be uncompressed with <a href=""%s"">%s</a> on Windows systems","Archiwum może zostać rozpakowane przy pomocy <a href="%s">%s</a> w systemach Windows"
"The attribute set has been removed.","Zesaw cech został usunięty."
"The backup's creation process will take time.","Proces tworzenia kopii bezpieczeństwa może zająć sporo czasu."
"The billing agreement has been canceled.","Umowa rozliczeniowa została anulowana."
"The billing agreement has been deleted.","Umowa rozliczeniowa została usunięta."
"The cache storage has been flushed.","Składowanie cache zostało opróżnione."
"The carrier needs to be specified.","Dostawca musi być określony."
"The catalog index has been rebuilt.","Indeks katalogu został przebudowany."
"The catalog rewrites have been refreshed.","Przekierowania katalogu zostały odświeżone."
"The configuration has been saved.","Konfiguracja została zapisana."
"The credit memo has been canceled.","Faktura korygująca została anulowana."
"The credit memo has been created.","Faktura korygująca została utworzona."
"The credit memo has been voided.","Faktura korygująca została unieważniona."
"The custom variable has been deleted.","Własna zmienna została usunięta."
"The custom variable has been saved.","Własna zmienna została zapisana."
"The customer has been deleted.","Klinet został usunięty."
"The customer has been saved.","Klinet został zapisany."
"The design change has been deleted.","Zmiana wyglądu została usunięta."
"The design change has been saved.","Zmiana wyglądu została zapisana."
"The email address is empty.","Adres e-mail jest pusty."
"The email template has been deleted.","Szablon e-mail został usunięty."
"The email template has been saved.","Szablon e-mail został zapisany."
"The flat catalog category has been rebuilt.","Płaski katalog kategorii został przebudowany."
"The group node name must be specified with field node name.","Węzeł grupy musi być wybrany z polem nazwy węzła."
"The image cache was cleaned.","Cache obrazków został wyczyszczony."
"The image cache was cleared.","Cache obrazków został wyczyszczony."
"The invoice and shipment have been created.","Faktura i dostawa zostały utworzone."
"The invoice and the shipment  have been created. The shipping label cannot be created at the moment.","Faktura i dostawa zostały utworzone. Etykieta dostawy nie może być utworzona w tym momencie."
"The invoice has been canceled.","Faktura została anulowana."
"The invoice has been captured.","Faktura została przechwycona."
"The invoice has been created.","Faktura została utworzona."
"The invoice has been voided.","Faktura została unieważniona."
"The invoice no longer exists.","Ta faktura już nie istnieje."
"The item %s (SKU %s) does not exist in the catalog anymore.","Element %s (SKU %s) nie istnieje już w sklepie."
"The order does not allow creating an invoice.","To zamówienia nie pozwala na stworzenie faktury."
"The order no longer exists.","To zamówienie już nie istnieje."
"The poll has been deleted.","Ankieta została usunięta."
"The poll has been saved.","Ankieta została zapisana."
"The profile has been deleted.","Profil został usunięty."
"The profile has been saved.","Profil został zapisany."
"The profile has been updated.","Profil został zaktualizowany."
"The profile has no changes.","Profil nie zawiera zmian."
"The profile you are trying to save no longer exists","Profil który chcesz zapisać już nie istnieje"
"The rating has been deleted.","Ocena została usunięta."
"The rating has been saved.","Ocena została zapisana."
"The role has been deleted.","Rola została usunięta."
"The role has been saved.","Rola została zapisana."
"The role has been successfully saved.","Rola została zapisana."
"The search index has been rebuilt.","Indeks wyszukiwania został przebudowany."
"The shipment has been created.","Dostawa została utworzona."
"The shipment has been sent.","Dostawa została nadana."
"The shipping label has been created.","Etykieta adresowa została utworzona."
"The tag has been deleted.","Tag został usunięty."
"The tag has been saved.","Tag został zapisany."
"The transaction details have been updated.","Dane transakcji zostały zaktualizowane."
"The user has been deleted.","Użytkownik został usunięty."
"The user has been saved.","Użytkownik został zapisany."
"Themes JavaScript and CSS files combined to one file.","Pliki JavaScript i CSS motywu połączone w jeden plik."
"There is an error in one of the option rows.","W jednym z rzędów opcji jest błąd."
"This Account is","To konto jest"
"This Email template no longer exists.","Taki szablon e-mail już nie istnieje."
"This Role no longer exists","Taka rola już nie istnieje"
"This Role no longer exists.","Taka rola już nie istnieje."
"This account is","To konto jest"
"This account is inactive.","To konto jest nieaktywne."
"This action cannot be undone.","Ta akcja nie może być cofnięta."
"This attribute set does not have attributes which we can use for configurable product","Ten zestaw cech nie zawiera cech które mogą być użyte dla produktów konfigurowalnych"
"This attribute shares the same value in all the stores","Ta cecha posiada tą samą wartość we wszystkich sklepach"
"This is a demo store. Any orders placed through this store will not be honored or fulfilled.","To jest wersja demonstracyjna. Żadne zamówienia nie będą realizowane."
"This is a required field.","To pole jest wymagane."
"This product is currently disabled.","Ten produkt jest aktualnie wyłączony"
"This report depends on timezone configuration. Once timezone is changed, the lifetime statistics need to be refreshed.","Ten raport zależy od konfiguracji strefy czasowej. Kiedy strefa czasowa zostanie zmieniona, całkowite statystyki muszą zostać odświerzone."
"This section is not allowed.","Ta sekcja jest niedozwolona."
"This user no longer exists.","Taki użytkownik już nie istnieje"
"Thumbnail Image","Miniaturka"
"Time","Czas"
"Time selection:","Wybór czasu:"
"Time:","Czas:"
"Timeout limit for response from synchronize process was reached.","Limit czasowy dla odpowiedzi od połączenia z procesem synchronizacji."
"To","Do"
"To cancel pending authorizations and release amounts that have already been processed during this payment, click Cancel.","W celu anulowania oczekującej autoryzacji i uwolnienia kwot przetworzonych w tej płatności, wciśnij Anuluj."
"To use PayPal Payflow Link, you must configure your PayPal Payflow Link account on the PayPal website.","W celu użycia PayPal Payflow Link, musisz skonfigurować konto PayPal PayFlow Link na stronie PayPal."
"To use PayPal Payments Advanced, you must configure  your PayPal Payments Advanced account on the PayPal website.","W celu użycia Płatności Zaawansowanych PayPal, musisz skonfigurować konto Płatności Zaawansowanych PayPal na stronie PayPal."
"Toggle Editor","Przełącz edytor"
"Tools","Narzędzia"
"Top 5 Search Terms","Top 5 wyszukiwanych fraz"
"Total","Razem"
"Total Invoiced","Łącznie zafakturowane"
"Total Order Amount","Łączna liczba zamówień"
"Total Refunded","Łącznie zwrócono"
"Total of %d record(s) have been deleted.","Usunięto %d wpis(ów)."
"Total of %d record(s) have been updated.","Uaktualniono %d wpis(ów)."
"Total of %d record(s) were canceled.","Anulowano %d wpis(ów)."
"Total of %d record(s) were deleted","Usunięto %d wpis(ów)"
"Total of %d record(s) were deleted.","Usunięto %d wpis(ów)."
"Total of %d record(s) were updated","Uaktualniono %d wpis(ów)"
"Total of %d record(s) were updated.","Uaktualniono %d wpis(ów)."
"Track Order","Śledź zamówienie"
"Track this shipment","Śledź tę dostawę"
"Tracking number %s for %s assigned","Kod śledzenia %s dla %s został przyporządkowany"
"Tracking number cannot be empty.","Numer przesyłki nie może by pusty."
"Transaction Data","Dane transakcji"
"Transaction Details","Szczegóły transakcji"
"Transaction ID","ID transakcji"
"Transaction Type","Typ transakcji"
"Transactional Emails","E-maile sprzedażowe"
"Transactions","Transakcje"
"Try Magento Go for Free","Wypróbuj za darmo Magento Go"
"Type","Typ"
"Type:","Typ:"
"URL Rewrite","Przekierowania URL"
"URL Rewrite Information","Informacje przekierowania URL"
"URL Rewrite Management","Zarządzanie przekierowaniami URL"
"Unable to cancel the credit memo.","Nie udało się anulować faktury korygującej."
"Unable to find a Email Template to delete.","Nie znaleziono szablonu e-mail do usunięcia."
"Unable to find a poll to delete.","Nie można znaleźć ankiety do usunięcia."
"Unable to find a tag to delete.","Nie znaleziono tagu do usunięcia."
"Unable to find a user to delete.","Nie znaleziono użytkownika do usunięcia."
"Unable to initialize import model","Nie można zainicjować modelu importu"
"Unable to refresh lifetime statistics.","Nie udało się odświerzyć calkowitych statystyk."
"Unable to refresh recent statistics.","Nie udało się odświerzyć najnowszych statystyk."
"Unable to save Cron expression","Nie można zapisać wyrażenia cron."
"Unable to save the cron expression.","Nie można zapisać wyrażenia cron."
"Unable to save the invoice.","Nie można zapisać faktury."
"Unable to send the invoice email.","Nie można wysłać e-mail faktury."
"Unable to send the shipment email.","Nie można wysłać e-mail dostawy."
"Unable to update transaction details.","Nie można zaktualizować danych transakcji."
"Unable to void the credit memo.","Nie udało się unieważnić faktury korygującej."
"Unknown","Nieznany"
"Unlimited","Nielimitowany"
"Update","Aktualizuj"
"Updated At","Zaktualizowano"
"Upload File","Załaduj plik"
"Upload Files","Załaduj pliki"
"Upload HTTP Error","Błąd przesyłania HTTP"
"Upload I/O Error","Błąd przesyłania I/O"
"Upload Security Error","Błąd bezpieczeństwa przesyłania"
"Upload import file","Załaduj plik importu"
"Uploaded file is larger than %.2f kilobytes allowed by server","Załadowany plik jest większy niż %s2f Kb dozwolonych na serwerze"
"Use All Available Attributes","Użyj wszystkie dostępne cechy"
"Use Config Settings","Użyj ustawień konfiguracyjnych"
"Use Default","Użyj domyślnych"
"Use Default Value","Użyj wartości domyślnej"
"Use Default Variable Values","Użyj domyślnych wartości zmiennych"
"Use FTP Connection","Użyj połączenia FTP"
"Use Website","Użyj witryny"
"Used Currently For","Używane aktualnie dla"
"Used as Default For","Używane jako domyślne dla"
"User Email","E-mail użytkownika"
"User ID","ID użytkownika"
"User Info","Info użytkownika"
"User Information","Informacja o użytkowniku"
"User Name","Nazwa użytkownika"
"User Name is required field.","Nazwa użytkownia jest polem wymaganym."
"User Name:","Nazwa użytkownika:"
"User Password","Hasło użytkownika"
"User Role","Rola użytkownika"
"User Roles","Role użytkownika"
"User Roles Information","Informacja o rolach użytkownika"
"User Type Resources","Zasoby typu użytkownika"
"User name","Nazwa użytkownika"
"Users","Użytkownicy"
"VAT Number is Invalid","Numer NIP (VAT UE) jest nieprawidłowy"
"VAT Number is Valid","Numer NIP (VAT UE) jest poprawny"
"Validation Results","Rezultat walidacji"
"Value","Wartość"
"Value Delimiter:","Separator wartości"
"Variable","Zmienna"
"Variable Code","Kod zmiennej"
"Variable HTML Value","Wartość HTML zmiennej"
"Variable ID","ID zmiennej"
"Variable Name","Nazwa zmiennej"
"Variable Plain Value","Prosta wartość zemiennej"
"Verifier code: %s","Kod weryfikacyjny: %s"
"View Actions XML","Zobacz XML operacji"
"View Full Size","Zobacz pełen rozmiar"
"View Memo","Zobacz korektę"
"View Memo for #%s","Zobacz korektę dla nr %s"
"View Shipment","Zobacz dostawę"
"View Statistics For:","Zobacz statystyki dla:"
"Visibility:","Widoczność:"
"Warning","Ostrzeżenie"
"Warning! Empty value can cause problems with CSV format.","Uwaga! Pusta wartość może spowodować problemy z formatem CSV."
"Warning!\r\nThis action will remove this user from already assigned role\r\nAre you sure?","Ostrzeżenie!\r\nTo działanie usunie użytkownika z już przypisanej roli\r\nCzy na pewno togo chcesz?"
"Warning!\r\nThis action will remove those users from already assigned roles\r\nAre you sure?","Ostrzeżenie!\r\nTo działanie usunie użytkowników z już przypisanych ról\r\nCzy na pewno togo chcesz?"
"Warning: Please do not close the window during importing/exporting data","Ostrzeżenie: Nie zamykaj okna podczas importu/eksportu danych"
"Watermark File for %s","Plik znaku wodnego dla %s"
"We appreciate our merchants\' feedback, please <a href=""#"" onclick=""surveyAction(\'yes\'); return false;"">take our survey</a> to provide insight on the features you would like included in Magento. <a href=""#"" onclick=""surveyAction(\'no\'); return false;"">Remove this notification</a>","Doceniamy informacje przekazywane przez naszych użytkowników, proszę <a href=""#"" onclick=""surveyAction(\'yes\'); return false;"">wziąć udział w ankiecie</a>, aby dać nam lepszy pogląd na funkcjonalności, jakie chcecie zobaczyć w Magento. <a href=""#"" onclick=""surveyAction(\'no\'); return false;"">Usuń to powiadomienie</a> "
"We\'re in our typing table, coding away more features for Magento. Thank you for your patience.","Właśnie jesteśmy w trakcie ulepszania Magento. Dziękujemy za cierpliwość."
"Web Section","Sekcja internetowa"
"Web Services","Usługi sieciowe"
"Web services","Usługi sieciowe"
"Website","Witryna"
"What is this?","Co to jest?"
"Wishlist Report","Raport schowka"
"Wishlist item is not loaded.","Produkt schowka nie jest załadowany."
"Wrong account specified.","Wybrano nieprawidłowe konto."
"Wrong billing agreement ID specified.","Wybrano nieprawidłowe ID umowy rozliczeniowej."
"Wrong column format.","Nieprawidłowy format kolumny."
"Wrong newsletter template.","Nieprawidłowy szablon newslettera."
"Wrong quote item.","Nieprawidłowy element zapytania."
"Wrong tab configuration.","Nieprawidłowa konfiguracja zakładki."
"Wrong tag was specified.","Wybrano nieprawidłowy tag."
"Wrong transaction ID specified.","Wybrano nieprawidłowe ID transakcji."
"XML","XML"
"XML data is invalid.","Dane XML są niepoprawne."
"XML object is not instance of ""Varien_Simplexml_Element"".","Obiek XML nie jest instancją ""Varien_Simplexml_Element""."
"YTD","Od początku roku"
"Year","Rok"
"Yes","Tak"
"Yes (301 Moved Permanently)","Tak (301 Stałe przekierowanie)"
"Yes (302 Found)","Tak (302 Znaleziono)"
"Yes (only price with tax)","Tak (tylko cena z podatkiem)"
"You cannot delete your own account.","Nie możesz usunąć swojego własnego konta."
"You have %s unread message(s).","Masz nieprzeczyatne wiadomości (%s)."
"You have %s unread message(s). <a href=""%s"">Go to messages inbox</a>.","Masz nieprzeczyatne wiadomości (%s). <a href=""%s"">Przejdź do skrzynki pocztowej</a>."
"You have %s, %s and %s unread messages. <a href=""%s"">Go to messages inbox</a>.","Masz %s, %s i %s nieprzeczyatnych wiadomości. <a href=""%s"">Przejdź do skrzynki pocztowej</a>."
"You have logged out.","Wylogowanie zakończone."
"You have not enough permissions to use this functionality.","Nie masz wystarczających uprawnień by skorzystać z tej funkcji."
"You must have JavaScript enabled in your browser to utilize the functionality of this website.","Musisz mieć uruchomioną obsługę JavaScript w przeglądarce, żeby korzystać z tej witryny."
"You need to specify order items.","Musisz wybrać elementy zamówienia."
"You will need to wait when the action ends.","Musisz poczekać aż operacja się zakończy."
"Your answers contain duplicates.","Twoje odpowiedzi zawierają powtórzenia."
"Your password has been updated.","Twoje hasło zostało zaktualizowane."
"Your password reset link has expired.","Link resteowania hasła utracił ważność."
"Your server PHP settings allow you to upload files not more than %s at a time. Please modify post_max_size (currently is %s) and upload_max_filesize (currently is %s) values in php.ini if you want to upload larger files.","Twoje ustawienia PHP nie pozwalają na wysłanie więcej niż %s plików na raz. Zmodyfikuj wartości post_max_size (obecnie %s) oraz upload_max_filesize (obecnie %s) w php.ini jeśli chcesz wysyłać większe pliki."
"Your web server is configured incorrectly. As a result, configuration files with sensitive information are accessible from the outside. Please contact your hosting provider.","Twój serwer jest skonfigurowany nieprawidłowo. W rezultacie, pliki konfiguracyjne zawierające wrażliwe informacje, są dostępne z zewnątrz. Proszę skontaktować się z administracją serwera."
"Zip/Postal Code","Kod pocztowy"
"Zip/Postal Code:","Kod pocztowy"
"[ deleted ]","[ usunięty ]"
"[GLOBAL]","[GLOBALNY]"
"[STORE VIEW]","[WIDOK SKLEPU]"
"[WEBSITE]","[WITRYNA]"
"b","b"
"close","zamknij"
"critical","krytyczny"
"example: ""sitemap/"" or ""/"" for base path (path must be writeable)","przykład: ""sitemap/"" lub ""/"" dla ścieżki bazowej (musi mieć prawa do zapisu)"
"example: sitemap.xml","przykład: sitemap.xml"
"failed","nieudane"
"from","od"
"major","ważne"
"minor","drobne"
"notice","informacja"
"store(%s) scope","zakres sklepu (%s)"
"successful","zakończona pomyślnie"
"to","do"
"website(%s) scope","zakres witryny (%s)"
"{{base_url}} is not recommended to use in a production environment to declare the Base Unsecure URL / Base Secure URL. It is highly recommended to change this value in your Magento <a href=""%s"">configuration</a>.","{{base_url}} nie jest zalecany do użycia w środowisku produkcyjnym do deklarowania URL bazowego / Bezpiecznego URL bazowego. Zaleca się zmianę tych ustawień w <a href=""%s"">konfiguracji</a> Magento."
"CMS Block","Blok CMS"
"Is Anchor","Filtry"
"Available Product Listing Sort By","Dostępne metody sortowania produktów"
"Default Product Listing Sort By","Domyślna metoda sortowania produktów"
"Layered Navigation Price Step","Filtr cenowy - przedziały po"
"Use Parent Category Settings","Użyj ustawień nadrzędnej kategorii"
"Apply To Products","Zastosuj do produktów"
"Active From","Aktywne Od"
"Active To","Aktywne Do"
"Custom Layout Update","Niestandardowa Aktualizacja Układ"
